acceleration_x,acceleration_y,acceleration_z,gyroscope_x,gyroscope_y,gyroscope_z,timestamp,label
-14572,1368,-484,2052,-309,-187,2024-01-24 10:29:18,0.0
-13908,1276,-956,2029,-398,-125,2024-01-24 10:29:18,0.0
-13600,1264,-1000,1766,-700,-142,2024-01-24 10:29:18,0.0
-13512,940,-1076,1652,-745,-433,2024-01-24 10:29:18,0.0
-13968,552,-1156,1435,-959,-613,2024-01-24 10:29:18,0.0
-13668,-104,-1640,1160,-548,-417,2024-01-24 10:29:18,0.0
-13592,-232,-1528,1122,-192,-250,2024-01-24 10:29:18,0.0
-13768,-196,-1236,1096,-80,-29,2024-01-24 10:29:18,0.0
-13540,-912,-1292,1279,-52,-55,2024-01-24 10:29:18,0.0
-13228,-1268,-1144,1455,-366,-117,2024-01-24 10:29:18,0.0
-13068,-1268,-676,1780,-514,-28,2024-01-24 10:29:18,0.0
-12972,-1452,-552,2052,-161,226,2024-01-24 10:29:18,0.0
-12880,-1400,-224,2275,333,496,2024-01-24 10:29:18,0.0
-12876,-1544,416,2642,781,670,2024-01-24 10:29:18,0.0
-13164,-1856,344,2948,1204,596,2024-01-24 10:29:18,0.0
-13460,-1984,-56,3146,1487,435,2024-01-24 10:29:18,0.0
-13332,-2040,-220,3174,1644,248,2024-01-24 10:29:18,0.0
-13700,-1956,-448,3325,1704,290,2024-01-24 10:29:18,0.0
-13768,-1668,-1312,3215,2112,418,2024-01-24 10:29:18,0.0
-13736,-2296,-620,3198,1913,219,2024-01-24 10:29:18,0.0
-14032,-2708,-240,3439,1208,10,2024-01-24 10:29:18,0.0
-14156,-2636,-996,3392,1194,1,2024-01-24 10:29:18,0.0
-13432,-3036,-1224,3233,1961,-39,2024-01-24 10:29:18,0.0
-12808,-2684,-912,3126,2249,-267,2024-01-24 10:29:18,0.0
-13556,-2512,-284,2924,2170,-475,2024-01-24 10:29:18,0.0
-14028,-2160,-696,2895,2752,-283,2024-01-24 10:29:18,0.0
-13828,-2652,-372,2577,2388,-613,2024-01-24 10:29:18,0.0
-14148,-3056,-412,2767,1994,-898,2024-01-24 10:29:18,0.0
-13692,-2564,-1208,2504,1940,-1022,2024-01-24 10:29:18,0.0
-13792,-2196,-988,1921,1632,-1147,2024-01-24 10:29:18,0.0
-14184,-2320,-380,1547,1294,-1179,2024-01-24 10:29:18,0.0
-14588,-2096,-16,1342,579,-1165,2024-01-24 10:29:18,0.0
-14752,-2228,-476,1213,-44,-985,2024-01-24 10:29:18,0.0
-13788,-2496,-1480,1022,-96,-591,2024-01-24 10:29:18,0.0
-13664,-2496,-1104,575,-641,-480,2024-01-24 10:29:18,0.0
-13096,-2608,-988,292,-555,-232,2024-01-24 10:29:18,0.0
-12808,-2424,-720,-84,-394,-63,2024-01-24 10:29:18,0.0
-12952,-2384,-496,-411,-159,0,2024-01-24 10:29:18,0.0
-13200,-2308,-1220,-1013,202,-46,2024-01-24 10:29:18,0.0
-13540,-2372,-1132,-1356,366,-139,2024-01-24 10:29:18,0.0
-13912,-1908,-904,-1747,98,-207,2024-01-24 10:29:18,0.0
-13892,-1932,-840,-2043,-118,-230,2024-01-24 10:29:19,0.0
-13624,-2360,-1000,-2137,-161,-192,2024-01-24 10:29:19,0.0
-13556,-2464,-912,-2221,-152,-32,2024-01-24 10:29:19,0.0
-13688,-2480,-1044,-2118,-211,302,2024-01-24 10:29:19,0.0
-13536,-2568,-652,-2028,-618,419,2024-01-24 10:29:19,0.0
-13464,-2416,-924,-1876,-908,488,2024-01-24 10:29:19,0.0
-13536,-2532,-1468,-1713,-1134,362,2024-01-24 10:29:19,0.0
-13432,-2764,-2092,-1627,-1379,224,2024-01-24 10:29:19,0.0
-12856,-3652,-2812,-1586,-369,229,2024-01-24 10:29:19,0.0
-12820,-2924,-2524,-1842,167,596,2024-01-24 10:29:19,0.0
-12708,-2412,-1300,-2076,-85,678,2024-01-24 10:29:19,0.0
-12844,-2100,-1088,-1625,291,226,2024-01-24 10:29:19,0.0
-14040,-396,-1480,-1451,586,-227,2024-01-24 10:29:19,0.0
-14368,728,-1640,-1602,174,-276,2024-01-24 10:29:19,0.0
-14064,1844,-1596,-2204,-207,-46,2024-01-24 10:29:19,0.0
-13220,1832,-1688,-2684,293,-129,2024-01-24 10:29:19,0.0
-12488,2168,-1392,-3324,666,-259,2024-01-24 10:29:19,0.0
-11964,1076,272,-3484,1593,-833,2024-01-24 10:29:19,0.0
-12388,300,1564,-3274,2921,-1337,2024-01-24 10:29:19,0.0
-13096,-1272,1812,-2562,3872,-1728,2024-01-24 10:29:19,0.0
-14768,-1096,900,-1601,4294,-1358,2024-01-24 10:29:19,0.0
-15696,-656,880,-960,3607,-671,2024-01-24 10:29:19,0.0
-15904,196,72,-261,2188,177,2024-01-24 10:29:19,0.0
-14688,956,-256,338,967,965,2024-01-24 10:29:19,0.0
-14028,1668,-4,874,996,1271,2024-01-24 10:29:19,0.0
-13588,1988,112,1231,1209,1303,2024-01-24 10:29:19,0.0
-13332,1748,64,1426,1690,1080,2024-01-24 10:29:19,0.0
-13256,1648,-628,1475,1850,850,2024-01-24 10:29:19,0.0
-13112,1672,-436,1547,1987,552,2024-01-24 10:29:19,0.0
-12964,1620,-888,1506,2068,391,2024-01-24 10:29:19,0.0
-13520,1472,-1164,1493,2301,424,2024-01-24 10:29:19,0.0
-13852,1544,-832,1286,1984,630,2024-01-24 10:29:19,0.0
-13940,1608,-340,1304,1720,705,2024-01-24 10:29:19,0.0
-14072,1740,-128,1497,1501,709,2024-01-24 10:29:20,0.0
-14596,1524,-924,1620,1551,620,2024-01-24 10:29:31,0.0
-14368,900,-1624,1811,1070,528,2024-01-24 10:29:31,0.0
-14068,568,-2636,2089,597,368,2024-01-24 10:29:31,0.0
-13712,400,-3636,2353,128,606,2024-01-24 10:29:31,0.0
-12540,-420,-4280,2610,-814,894,2024-01-24 10:29:31,0.0
-13972,-2272,-52,-1051,210,-655,2024-01-24 10:29:31,0.0
-15300,-1844,164,-1719,-1091,156,2024-01-24 10:29:31,0.0
-15268,-1076,648,-2673,-1939,482,2024-01-24 10:29:31,0.0
-14320,-740,28,-6186,5278,-753,2024-01-24 10:29:31,0.0
-12744,348,-1836,-435,-440,86,2024-01-24 10:29:31,0.0
-12892,684,-1936,-1104,22,-101,2024-01-24 10:29:31,0.0
-13000,772,-1796,-1777,337,-236,2024-01-24 10:29:31,0.0
-13908,-1828,-1140,-2971,560,-832,2024-01-24 10:29:31,0.0
-14072,-2396,-1176,-3002,490,-821,2024-01-24 10:29:31,0.0
-14332,-2724,-996,-2867,327,-703,2024-01-24 10:29:31,0.0
-14560,-2864,-492,-2707,95,-528,2024-01-24 10:29:31,0.0
-14664,-3472,-476,-2350,-180,-404,2024-01-24 10:29:32,0.0
-14280,-2536,-244,-1765,-671,-481,2024-01-24 10:29:32,0.0
-14172,-1272,-516,-1504,-444,-476,2024-01-24 10:29:32,0.0
-13616,-1260,-472,-1308,-139,-596,2024-01-24 10:29:32,0.0
-13172,-1436,-676,-1143,-153,-801,2024-01-24 10:29:32,0.0
-13664,-1920,-536,-1030,-235,-950,2024-01-24 10:29:32,0.0
-13512,-1944,-636,-1001,-165,-1083,2024-01-24 10:29:32,0.0
-13588,-2124,-748,-966,176,-1282,2024-01-24 10:29:32,0.0
-13868,-2384,-564,-876,342,-1439,2024-01-24 10:29:32,
-14020,-2196,-600,-782,283,-1475,2024-01-24 10:29:32,0.0
-13952,-1776,-700,-824,80,-1376,2024-01-24 10:29:32,0.0
-13688,-1528,-772,-970,27,-1224,2024-01-24 10:29:32,0.0
-13780,-1220,-764,-1151,-88,-1064,2024-01-24 10:29:32,0.0
-13644,-900,-816,-1664,-299,-1002,2024-01-24 10:29:32,0.0
-13656,-532,-772,-2199,-450,-885,2024-01-24 10:29:32,0.0
-13624,-252,-604,-2815,-611,-769,2024-01-24 10:29:32,0.0
-13540,-296,-700,-3315,-632,-664,2024-01-24 10:29:32,0.0
-13556,-416,-428,-3711,-608,-466,2024-01-24 10:29:32,0.0
-13404,-744,-468,-3985,-415,-266,2024-01-24 10:29:32,0.0
-13400,-1308,-448,-3957,-122,-151,2024-01-24 10:29:32,0.0
-13080,-2076,-400,-3779,238,-40,2024-01-24 10:29:32,0.0
-13160,-2344,-524,-3523,545,-106,2024-01-24 10:29:32,0.0
-13852,-2348,-284,-3167,661,-220,2024-01-24 10:29:32,0.0
-14100,-2280,-304,-2848,677,-304,2024-01-24 10:29:32,0.0
-14088,-1916,-448,-2541,506,-332,2024-01-24 10:29:32,0.0
-13760,-1724,-772,-2293,404,-370,2024-01-24 10:29:32,0.0
-13516,-1748,-1116,-2157,460,-416,2024-01-24 10:29:32,0.0
-13448,-1560,-1636,-2127,731,-441,2024-01-24 10:29:32,0.0
-13460,-1324,-1744,-2253,908,-403,2024-01-24 10:29:32,0.0
-13660,-636,-1792,-2646,905,-337,2024-01-24 10:29:32,0.0
-13720,-184,-1732,-2984,835,-268,2024-01-24 10:29:32,0.0
-13732,180,-1700,-3401,752,-218,2024-01-24 10:29:32,0.0
-13636,264,-1752,-3758,600,-242,2024-01-24 10:29:32,0.0
-13176,240,-1944,-4225,384,-366,2024-01-24 10:29:32,0.0
-12804,-192,-1796,-4480,316,-483,2024-01-24 10:29:32,0.0
-12892,-712,-1432,-4614,400,-600,2024-01-24 10:29:32,0.0
-12828,-928,-1144,-4619,665,-664,2024-01-24 10:29:32,0.0
-13192,-940,-1196,-4650,887,-711,2024-01-24 10:29:32,0.0
-13540,-840,-1296,-4728,952,-653,2024-01-24 10:29:32,0.0
-13744,-644,-1408,-4834,832,-539,2024-01-24 10:29:32,0.0
-13660,-504,-1176,-4816,644,-423,2024-01-24 10:29:32,0.0
-13436,-588,-1320,-4735,683,-405,2024-01-24 10:29:32,0.0
-13264,-568,-1408,-4872,861,-440,2024-01-24 10:29:32,0.0
-13268,-488,-1716,-5032,785,-544,2024-01-24 10:29:32,0.0
-13340,-412,-1576,-5227,780,-592,2024-01-24 10:29:32,0.0
-13572,-264,-1612,-5339,857,-519,2024-01-24 10:29:32,0.0
-13512,-276,-1764,-5417,873,-501,2024-01-24 10:29:32,0.0
-13756,-72,-1912,-5570,700,-412,2024-01-24 10:29:32,0.0
-13548,-228,-1788,-5641,613,-350,2024-01-24 10:29:32,0.0
-13484,-504,-1772,-5689,616,-327,2024-01-24 10:29:32,0.0
-13268,-732,-1864,-5697,543,-335,2024-01-24 10:29:32,0.0
-13368,-1048,-1512,-5618,576,-392,2024-01-24 10:29:32,0.0
-13696,-1100,-1552,-5508,627,-402,2024-01-24 10:29:32,0.0
-13904,-840,-1596,-5358,648,-364,2024-01-24 10:29:32,0.0
-13960,-712,-1668,-5150,546,-414,2024-01-24 10:29:32,0.0
-13896,-496,-1700,-5022,418,-528,2024-01-24 10:29:32,0.0
-13712,-600,-1736,-4986,272,-595,2024-01-24 10:29:32,0.0
-13668,-708,-1916,-4985,173,-754,2024-01-24 10:29:32,0.0
-13532,-640,-1888,-5021,56,-902,2024-01-24 10:29:32,0.0
-13280,-388,-1976,-5114,-35,-1044,2024-01-24 10:29:32,0.0
-13620,-236,-1748,-5288,63,-1143,2024-01-24 10:29:33,0.0
-13572,-8,-1700,-5494,-34,-1168,2024-01-24 10:29:33,0.0
-13532,144,-1628,-5642,-195,-1104,2024-01-24 10:29:33,0.0
-13680,104,-1528,-5802,-266,-975,2024-01-24 10:29:33,0.0
-13424,-180,-1840,-5963,-337,-924,2024-01-24 10:29:33,0.0
-13292,-328,-1740,-6173,-263,-935,2024-01-24 10:29:33,0.0
-13120,-412,-1856,-6299,-217,-887,2024-01-24 10:29:33,0.0
-13136,-156,-1596,-6391,150,-796,2024-01-24 10:29:33,0.0
-13296,4,-1596,-6386,437,-698,2024-01-24 10:29:33,0.0
-13728,-32,-1672,-6344,491,-429,2024-01-24 10:29:33,0.0
-13696,-108,-1680,-6270,474,-280,2024-01-24 10:29:33,0.0
-13692,-492,-1484,-6161,483,-313,2024-01-24 10:29:33,0.0
-13608,-684,-1292,-5962,442,-294,2024-01-24 10:29:33,0.0
-13424,-348,-1284,-5757,422,-259,2024-01-24 10:29:33,0.0
-13496,-288,-1100,-5557,360,-271,2024-01-24 10:29:33,0.0
-13544,-340,-1192,-5329,459,-350,2024-01-24 10:29:33,0.0
-13516,-496,-708,-5031,214,-522,2024-01-24 10:29:33,0.0
-13356,-508,-340,-4729,90,-746,2024-01-24 10:29:33,0.0
-13048,-640,-464,-4436,392,-1065,2024-01-24 10:29:33,0.0
-12952,-524,-508,-4188,757,-1284,2024-01-24 10:29:33,0.0
-13172,84,-580,-4005,1123,-1369,2024-01-24 10:29:33,0.0
-13896,704,-1184,-4038,1649,-1213,2024-01-24 10:29:33,0.0
-14272,1088,-1128,-4214,1634,-1024,2024-01-24 10:29:33,0.0
-14500,792,-448,-4315,1041,-1034,2024-01-24 10:29:33,0.0
-14688,728,-184,-4177,558,-995,2024-01-24 10:29:33,0.0
-14340,744,-344,-4009,123,-970,2024-01-24 10:29:33,0.0
-13480,640,-188,-3804,-347,-1179,2024-01-24 10:29:33,0.0
-13456,784,-424,-3599,-110,-1087,2024-01-24 10:29:33,0.0
-14212,456,-440,-3306,-39,-1042,2024-01-24 10:29:33,0.0
-13720,432,-720,-3110,-202,-1060,2024-01-24 10:29:33,0.0
-13716,564,-1016,-2845,-170,-1027,2024-01-24 10:29:33,0.0
-13780,436,-1044,-2560,-193,-1100,2024-01-24 10:29:33,0.0
-13916,332,-1340,-2398,-67,-1076,2024-01-24 10:29:33,0.0
-13916,376,-960,-2227,-137,-933,2024-01-24 10:29:33,0.0
-13860,620,-792,-1950,-182,-795,2024-01-24 10:29:33,0.0
-13776,344,-1056,-1724,-12,-624,2024-01-24 10:29:33,0.0
-14008,124,-776,-1346,-174,-592,2024-01-24 10:29:33,0.0
-14048,-88,-532,-1021,-592,-561,2024-01-24 10:29:33,0.0
-13664,244,-396,-612,-803,-508,2024-01-24 10:29:33,0.0
-13492,328,-544,-238,-594,-500,2024-01-24 10:29:33,0.0
-13504,288,-484,67,-321,-416,2024-01-24 10:29:33,0.0
-13600,-180,-684,429,-271,-348,2024-01-24 10:29:33,0.0
-13548,-148,-556,779,-236,-309,2024-01-24 10:29:33,0.0
-13632,-12,-780,1122,-179,-293,2024-01-24 10:29:33,0.0
-13684,156,-716,1420,-172,-163,2024-01-24 10:29:33,0.0
-13668,64,-876,1646,-149,-203,2024-01-24 10:29:33,0.0
-14044,24,-908,1748,-126,-140,2024-01-24 10:29:33,0.0
-13724,232,-1272,1693,-85,40,2024-01-24 10:29:33,0.0
-13868,416,-1144,1580,-227,87,2024-01-24 10:29:33,
-13460,116,-960,1600,-66,163,2024-01-24 10:29:33,0.0
-13424,-536,-760,1823,-118,119,2024-01-24 10:29:33,0.0
-13436,-940,-792,2090,-356,-7,2024-01-24 10:29:33,0.0
-13464,-372,-1436,2257,-231,-1,2024-01-24 10:29:33,0.0
-13324,-136,-1596,2239,-215,89,2024-01-24 10:29:33,0.0
-13128,-112,-1268,2248,-251,86,2024-01-24 10:29:33,0.0
-13444,140,-1584,2154,-21,142,2024-01-24 10:29:33,0.0
-13608,28,-1492,1990,122,105,2024-01-24 10:29:33,0.0
-13660,396,-1608,1772,164,86,2024-01-24 10:29:33,0.0
-13384,-68,-1228,1605,105,-170,2024-01-24 10:29:33,0.0
-13536,-272,-1392,1746,2,-359,2024-01-24 10:29:34,0.0
-13432,-448,-1408,1647,150,-486,2024-01-24 10:29:34,0.0
-13968,-748,-1256,1674,-170,-654,2024-01-24 10:29:34,0.0
-14016,-536,-1196,1637,-826,-619,2024-01-24 10:29:34,0.0
-13568,-564,-1728,1684,-1209,-515,2024-01-24 10:29:34,0.0
-13200,-708,-1880,1700,-1403,-515,2024-01-24 10:29:34,0.0
-13116,-548,-1788,1700,-1205,-496,2024-01-24 10:29:34,0.0
-13168,-840,-1372,1934,-1127,-459,2024-01-24 10:29:34,0.0
-13552,-1260,-1268,2497,-999,-450,2024-01-24 10:29:34,0.0
-14004,-1604,-1752,2913,-1351,-402,2024-01-24 10:29:34,0.0
-13960,-2476,-1220,3410,-1728,-416,2024-01-24 10:29:34,0.0
-13948,-2568,-1424,3947,-1687,-215,2024-01-24 10:29:34,0.0
-13752,-2424,-1212,4496,-1728,113,2024-01-24 10:29:34,0.0
-13740,-2192,-1392,4818,-1801,466,2024-01-24 10:29:34,0.0
-13780,-1980,-660,4996,-1867,414,2024-01-24 10:29:34,0.0
-13644,-1800,-936,5142,-1809,109,2024-01-24 10:29:34,0.0
-13216,-1416,-1044,5011,-1508,149,2024-01-24 10:29:34,0.0
-13304,-1300,-336,4801,-705,-447,2024-01-24 10:29:34,0.0
-13776,-1548,-476,4725,-706,-841,2024-01-24 10:29:34,0.0
-13212,-1964,-752,4713,-1070,-621,2024-01-24 10:29:34,0.0
-13320,-992,-572,4645,283,-1062,2024-01-24 10:29:34,0.0
-14408,-2656,-292,4694,208,-1043,2024-01-24 10:29:34,0.0
-13176,-2436,-796,4886,638,-713,2024-01-24 10:29:34,0.0
-13632,-2260,-876,4772,561,-824,2024-01-24 10:29:34,0.0
-13548,-2040,-748,4847,551,-897,2024-01-24 10:29:34,0.0
-13336,-1852,-612,4953,291,-842,2024-01-24 10:29:34,0.0
-13324,-1996,-796,4870,204,-750,2024-01-24 10:29:34,0.0
-13016,-2036,-476,4838,435,-601,2024-01-24 10:29:34,0.0
-13384,-1996,-100,4954,947,-664,2024-01-24 10:29:34,0.0
-13168,-1936,-120,5005,1459,-631,2024-01-24 10:29:34,0.0
-13392,-1648,-240,4979,1712,-646,2024-01-24 10:29:34,0.0
-14612,-888,-984,4497,1496,-238,2024-01-24 10:29:34,0.0
-14068,-1964,476,4372,224,651,2024-01-24 10:29:34,0.0
-13292,-1516,-616,4553,193,305,2024-01-24 10:29:34,0.0
-13392,-1744,-628,4333,575,156,2024-01-24 10:29:34,0.0
-13188,-1652,-384,3820,700,264,2024-01-24 10:29:34,0.0
-13216,-192,-976,2993,693,624,2024-01-24 10:29:34,0.0
-12996,272,-64,2385,585,753,2024-01-24 10:29:34,0.0
-12520,-864,-1072,2258,1547,459,2024-01-24 10:29:34,0.0
-13836,-208,-1652,1585,2197,400,2024-01-24 10:29:34,0.0
-14400,-172,-968,841,1457,208,2024-01-24 10:29:34,0.0
-14700,192,-560,332,1005,-216,2024-01-24 10:29:34,0.0
-14576,684,-1088,-482,854,29,2024-01-24 10:29:34,0.0
-14316,908,-436,-1330,383,106,2024-01-24 10:29:34,0.0
-13704,-1400,-948,-1611,118,-499,2024-01-24 10:29:34,0.0
-14512,-476,-1272,-2444,-184,-482,2024-01-24 10:29:34,0.0
-14028,-1048,-988,-3634,-979,114,2024-01-24 10:29:34,0.0
-14604,-1088,-472,-3206,-1285,601,2024-01-24 10:29:34,0.0
-13624,-860,-488,-3780,-1117,-46,2024-01-24 10:29:34,0.0
-13708,-1388,-704,-3603,-1752,-75,2024-01-24 10:29:34,0.0
-14376,412,56,-3826,-1655,-35,2024-01-24 10:29:34,0.0
-13372,-1320,120,-3400,-1915,-418,2024-01-24 10:29:34,0.0
-13456,-772,8,-3324,-1584,-605,2024-01-24 10:29:34,0.0
-13604,-1168,-532,-3539,-1563,-958,2024-01-24 10:29:34,0.0
-14408,68,-92,-4443,-2525,-32,2024-01-24 10:29:34,0.0
-13344,-1340,440,-4255,-1919,-264,2024-01-24 10:29:34,0.0
-13924,124,-104,-4988,-2079,-260,2024-01-24 10:29:34,0.0
-13208,-976,-200,-5592,-2054,-326,2024-01-24 10:29:34,0.0
-12900,-336,304,-6202,-967,-191,2024-01-24 10:29:34,0.0
-13180,-1456,140,-6310,-218,-278,2024-01-24 10:29:34,0.0
-14220,-1896,616,-5585,712,-1239,2024-01-24 10:29:35,0.0
-14452,-2116,656,-5479,237,-1509,2024-01-24 10:29:35,0.0
-14584,-2052,612,-5527,-119,-1793,2024-01-24 10:29:35,0.0
-14196,-1968,896,-5501,-234,-1836,2024-01-24 10:29:35,0.0
-13640,-1896,780,-5291,-189,-1889,2024-01-24 10:29:35,0.0
-13052,-2000,784,-5162,-77,-1935,2024-01-24 10:29:35,0.0
-13148,-2100,868,-5109,551,-2010,2024-01-24 10:29:35,0.0
-13276,-2168,980,-4889,1044,-1863,2024-01-24 10:29:35,0.0
-13356,-2236,984,-4712,1105,-1740,2024-01-24 10:29:35,0.0
-13148,-2212,660,-4566,1290,-1750,2024-01-24 10:29:35,0.0
-13128,-1916,648,-4485,1146,-1841,2024-01-24 10:29:35,0.0
-13380,-1120,764,-4652,959,-1781,2024-01-24 10:29:35,0.0
-13296,-908,672,-4654,1112,-1916,2024-01-24 10:29:35,0.0
-13240,-872,800,-4764,1374,-2128,2024-01-24 10:29:35,0.0
-13372,-1144,664,-4844,1682,-2059,2024-01-24 10:29:35,0.0
-13520,-1408,692,-4926,1739,-1870,2024-01-24 10:29:35,0.0
-13640,-1560,792,-4848,1582,-1623,2024-01-24 10:29:35,0.0
-13616,-1804,648,-4706,1282,-1343,2024-01-24 10:29:35,0.0
-13468,-1968,744,-4659,1281,-1042,2024-01-24 10:29:35,0.0
-13464,-1708,660,-4584,1260,-778,2024-01-24 10:29:35,0.0
-13400,-1564,940,-4549,1208,-561,2024-01-24 10:29:35,0.0
-13584,-1412,1368,-4495,1314,-301,2024-01-24 10:29:35,0.0
-13752,-1520,1248,-4591,1322,57,2024-01-24 10:29:35,0.0
-14108,-1224,1052,-4761,1167,314,2024-01-24 10:29:35,0.0
-14208,-928,992,-4907,685,595,2024-01-24 10:29:35,0.0
-14024,-676,1252,-4994,400,744,2024-01-24 10:29:35,0.0
-13904,-860,1356,-5007,300,766,2024-01-24 10:29:35,0.0
-13900,-928,1652,-5057,226,700,2024-01-24 10:29:35,0.0
-14460,-988,1572,-5286,103,572,2024-01-24 10:29:35,0.0
-14632,-956,1184,-5604,-19,498,2024-01-24 10:29:35,
-14612,-892,1048,-5839,-482,246,2024-01-24 10:29:35,0.0
-14188,-1180,1252,-5963,-937,-169,2024-01-24 10:29:35,0.0
-13024,-1308,492,-6134,-27,-872,2024-01-24 10:29:35,0.0
-13476,-1644,184,-6103,1025,-2039,2024-01-24 10:29:35,0.0
-15152,-2388,472,-5322,934,-2999,2024-01-24 10:29:35,0.0
-15680,-3424,604,-4047,-5,-3770,2024-01-24 10:29:35,0.0
-14696,-3636,124,-3124,-839,-3604,2024-01-24 10:29:35,0.0
-12576,-3924,-716,-2894,-525,-3591,2024-01-24 10:29:35,0.0
-11988,-4008,-892,-3179,-707,-3846,2024-01-24 10:29:35,0.0
-13628,-3952,-448,-2907,-802,-3513,2024-01-24 10:29:35,0.0
-14724,-3528,-588,-1995,-300,-2451,2024-01-24 10:29:35,0.0
-15920,-3300,-808,-830,275,-1319,2024-01-24 10:29:35,0.0
-17004,-3176,-1952,-212,-190,-326,2024-01-24 10:29:35,0.0
-15976,-2944,-2544,143,-1287,483,2024-01-24 10:29:35,0.0
-13900,-3040,-3292,296,-1242,951,2024-01-24 10:29:35,0.0
-12920,-3184,-2892,76,-467,909,2024-01-24 10:29:35,0.0
-12820,-3332,-1936,294,-140,677,2024-01-24 10:29:35,0.0
-12632,-2648,-1832,819,-468,423,2024-01-24 10:29:35,0.0
-12320,-2208,-1804,1236,-612,290,2024-01-24 10:29:35,0.0
-12380,-1984,-1360,1794,-731,415,2024-01-24 10:29:35,0.0
-12428,-1848,-828,2227,-741,550,2024-01-24 10:29:35,0.0
-12896,-2332,-568,2785,-398,660,2024-01-24 10:29:35,0.0
-13484,-2468,-864,3306,342,880,2024-01-24 10:29:35,0.0
-13996,-2528,-712,3718,446,1052,2024-01-24 10:29:35,0.0
-14348,-2336,-136,4441,242,1310,2024-01-24 10:29:35,0.0
-14404,-2052,-344,5089,43,1685,2024-01-24 10:29:35,0.0
-14020,-1960,-800,5663,120,2001,2024-01-24 10:29:35,0.0
-13768,-1976,-1032,6229,388,2299,2024-01-24 10:29:35,0.0
-13420,-1940,-688,6578,441,2495,2024-01-24 10:29:35,0.0
-13244,-1864,-484,6802,695,2508,2024-01-24 10:29:36,0.0
-13108,-1604,-512,7101,950,2495,2024-01-24 10:29:36,0.0
-13172,-1424,-508,7680,1170,2432,2024-01-24 10:29:36,0.0
-13184,-1500,-872,8131,1363,2376,2024-01-24 10:29:36,0.0
-12872,-1480,-844,8361,1386,2242,2024-01-24 10:29:36,0.0
-12960,-1384,-892,8602,1600,2181,2024-01-24 10:29:36,0.0
-13124,-1096,-1096,8696,1898,2191,2024-01-24 10:29:36,0.0
-13636,-848,-932,8668,1954,2079,2024-01-24 10:29:36,0.0
-13528,-636,-892,8640,1678,2002,2024-01-24 10:29:36,0.0
-13452,-628,-352,8680,1600,1830,2024-01-24 10:29:36,0.0
-13296,-320,-288,8787,1461,1651,2024-01-24 10:29:36,0.0
-12844,-388,-532,8756,1633,1444,2024-01-24 10:29:36,0.0
-12920,-304,-404,8653,1923,1212,2024-01-24 10:29:36,0.0
-12892,-248,-16,8443,2191,1019,2024-01-24 10:29:36,0.0
-13388,48,-52,8192,2309,966,2024-01-24 10:29:36,0.0
-14148,360,508,8083,2165,980,2024-01-24 10:29:36,0.0
-14304,220,1032,8159,1555,1023,2024-01-24 10:29:36,0.0
-14052,-128,1560,8429,604,939,2024-01-24 10:29:36,0.0
-13256,-184,716,8783,492,853,2024-01-24 10:29:36,0.0
-13380,-100,380,8727,877,933,2024-01-24 10:29:36,0.0
-13320,-88,464,8683,773,886,2024-01-24 10:29:36,0.0
-13352,204,428,8735,818,930,2024-01-24 10:29:36,0.0
-13920,956,428,8647,1020,1137,2024-01-24 10:29:36,0.0
-14796,1096,268,8690,724,1348,2024-01-24 10:29:36,0.0
-14632,1172,140,8812,-145,1389,2024-01-24 10:29:36,0.0
-13700,796,-268,8773,-316,1247,2024-01-24 10:29:36,0.0
-13560,444,-744,8673,105,1381,2024-01-24 10:29:36,0.0
-14088,44,-940,8705,629,1716,2024-01-24 10:29:36,0.0
-14748,-956,-944,8660,692,1962,2024-01-24 10:29:36,0.0
-15132,-2180,-588,8669,-562,2153,2024-01-24 10:29:36,0.0
-14352,-1956,-1976,8413,-137,2231,2024-01-24 10:29:36,0.0
-15636,-1240,-1160,8188,800,2717,2024-01-24 10:29:36,0.0
-16464,-908,-1384,8139,138,2851,2024-01-24 10:29:36,0.0
-15036,40,-2060,8219,-1292,2229,2024-01-24 10:29:36,0.0
-13824,368,-2660,8837,-1696,1832,2024-01-24 10:29:36,0.0
-13640,-92,-3464,8644,-1256,1160,2024-01-24 10:29:36,0.0
-14204,-1252,-3032,8624,-1132,929,2024-01-24 10:29:36,0.0
-13668,-2692,-3256,8589,-841,892,2024-01-24 10:29:36,0.0
-12684,-3816,-2864,8845,-985,839,2024-01-24 10:29:36,0.0
-11528,-4184,-3368,8773,-490,689,2024-01-24 10:29:36,0.0
-11316,-4332,-3044,8582,346,460,2024-01-24 10:29:36,0.0
-11272,-4428,-2824,8637,1378,399,2024-01-24 10:29:36,0.0
-11960,-4184,-2560,8480,2264,44,2024-01-24 10:29:36,0.0
-12856,-3856,-1436,8101,2206,-126,2024-01-24 10:29:36,0.0
-13656,-3236,-388,8011,2128,-203,2024-01-24 10:29:36,0.0
-14244,-2780,-196,8102,2080,-231,2024-01-24 10:29:36,0.0
-14084,-2856,-728,8368,1445,-224,2024-01-24 10:29:36,0.0
-13204,-3380,-1120,8402,1568,-357,2024-01-24 10:29:36,0.0
-13764,-3708,-732,8479,1453,-380,2024-01-24 10:29:36,0.0
-13868,-4068,-428,8664,1193,-129,2024-01-24 10:29:36,0.0
-13908,-4200,-32,8870,788,257,2024-01-24 10:29:36,0.0
-13576,-4212,28,9175,414,786,2024-01-24 10:29:36,0.0
-13012,-4188,36,9273,400,1219,2024-01-24 10:29:36,0.0
-12432,-3736,-32,9366,554,1553,2024-01-24 10:29:36,0.0
-12508,-3268,-468,9430,807,1727,2024-01-24 10:29:36,0.0
-12520,-3124,-516,9456,935,1779,2024-01-24 10:29:36,0.0
-12560,-2640,-616,9585,1338,1880,2024-01-24 10:29:36,0.0
-12784,-2224,-972,9499,1443,1883,2024-01-24 10:29:36,0.0
-13764,-1900,-680,9447,1134,1738,2024-01-24 10:29:36,0.0
-14288,-1704,-816,9745,631,1902,2024-01-24 10:29:36,0.0
-13868,-1624,-1864,10260,1253,2083,2024-01-24 10:29:37,0.0
-13748,-1864,-2932,10109,1120,1786,2024-01-24 10:29:37,0.0
-13968,-1564,-2032,9747,506,1146,2024-01-24 10:29:37,0.0
-14432,-484,-544,9646,185,650,2024-01-24 10:29:37,0.0
-14268,96,-1300,9807,200,-25,2024-01-24 10:29:37,0.0
-13536,-1128,-1684,9517,-72,-392,2024-01-24 10:29:37,0.0
-12264,-2600,-2432,8969,-365,-410,2024-01-24 10:29:37,0.0
-12208,-2896,-1620,8149,212,-120,2024-01-24 10:29:37,0.0
-13144,-2660,-1324,7700,666,433,2024-01-24 10:29:37,0.0
-13816,-1688,-1956,7624,295,380,2024-01-24 10:29:37,0.0
-13832,-548,-2760,7583,-36,-92,2024-01-24 10:29:37,
-13268,-252,-2616,7361,-180,-319,2024-01-24 10:29:37,0.0
-12424,-156,-3024,7215,645,-382,2024-01-24 10:29:37,0.0
-12396,-692,-2820,7152,1755,-279,2024-01-24 10:29:37,0.0
-13072,-1524,-2344,7324,2480,38,2024-01-24 10:29:37,0.0
-14128,-2528,-1544,7701,2265,313,2024-01-24 10:29:37,0.0
-15296,-2916,-756,8028,1189,448,2024-01-24 10:29:37,0.0
-14920,-2788,-556,8368,302,658,2024-01-24 10:29:37,0.0
-13816,-2216,104,8805,369,786,2024-01-24 10:29:37,0.0
-13556,-1632,128,9422,843,952,2024-01-24 10:29:37,0.0
-13324,-1104,164,9848,1596,1038,2024-01-24 10:29:37,0.0
-13892,-1392,-68,9965,2085,1166,2024-01-24 10:29:37,0.0
-14196,-436,-816,10024,2677,1428,2024-01-24 10:29:37,0.0
-14508,-44,-1024,9777,2466,1633,2024-01-24 10:29:37,0.0
-14160,-144,-888,9644,1818,1590,2024-01-24 10:29:37,0.0
-13944,-224,-880,9527,1567,1560,2024-01-24 10:29:37,0.0
-14068,-280,-720,9539,1850,1641,2024-01-24 10:29:37,0.0
-14080,48,-1140,9361,1973,1907,2024-01-24 10:29:37,0.0
-13608,-188,-1120,9197,1569,2016,2024-01-24 10:29:37,0.0
-12860,-44,-892,9106,1160,2062,2024-01-24 10:29:37,0.0
-12700,-24,-696,9229,998,1930,2024-01-24 10:29:37,0.0
-12712,-400,-308,9410,638,1740,2024-01-24 10:29:37,0.0
-12972,-672,-372,9773,176,1615,2024-01-24 10:29:37,0.0
-12476,-1032,-820,9898,-168,1246,2024-01-24 10:29:37,0.0
-12240,-1148,-1576,9879,-53,810,2024-01-24 10:29:37,0.0
-11976,-1292,-2284,9658,386,329,2024-01-24 10:29:37,0.0
-12856,-920,-2728,9314,641,80,2024-01-24 10:29:37,0.0
-13852,-228,-2820,8892,556,78,2024-01-24 10:29:37,0.0
-14176,604,-3284,8501,106,216,2024-01-24 10:29:37,0.0
-14108,1468,-4000,7994,116,409,2024-01-24 10:29:37,0.0
-14372,2544,-2540,7580,518,883,2024-01-24 10:29:37,0.0
-15640,3140,-3020,7083,1039,1592,2024-01-24 10:29:37,0.0
-15340,2804,-3508,6388,758,2533,2024-01-24 10:29:37,0.0
-14360,1468,-2704,6196,526,2933,2024-01-24 10:29:37,0.0
-14028,-856,-1612,6407,514,2972,2024-01-24 10:29:37,0.0
-13760,-3436,-800,6749,43,2737,2024-01-24 10:29:37,0.0
-13348,-4708,-196,6829,234,2824,2024-01-24 10:29:37,0.0
-12816,-4204,-8,6862,211,2731,2024-01-24 10:29:37,0.0
-12752,-4080,-1548,7030,259,2762,2024-01-24 10:29:37,0.0
-12468,-4000,-1612,7110,809,2769,2024-01-24 10:29:37,0.0
-11624,-3336,-2108,7202,1225,2535,2024-01-24 10:29:37,0.0
-12164,-2144,-1640,7419,2146,2088,2024-01-24 10:29:37,0.0
-13784,-1060,-1272,7530,2672,1830,2024-01-24 10:29:37,0.0
-14880,-796,-1200,7328,2421,1887,2024-01-24 10:29:37,0.0
-15324,-1448,-132,7436,1575,1994,2024-01-24 10:29:37,0.0
-13492,-2244,-848,7462,1407,1608,2024-01-24 10:29:37,0.0
-12944,-3460,-532,7607,900,462,2024-01-24 10:29:37,0.0
-13904,-3820,-540,7535,1071,-268,2024-01-24 10:29:37,0.0
-14696,-4148,-1356,7225,1242,-474,2024-01-24 10:29:37,0.0
-14628,-3868,-896,6830,639,-488,2024-01-24 10:29:37,0.0
-14480,-3192,-256,6691,-398,-402,2024-01-24 10:29:38,0.0
-13632,-2748,-48,6459,-678,-182,2024-01-24 10:29:38,0.0
-12764,-2288,56,6010,-437,108,2024-01-24 10:29:38,0.0
-12128,-2184,184,5576,164,274,2024-01-24 10:29:38,0.0
-12536,-2504,396,5167,637,364,2024-01-24 10:29:38,0.0
-12984,-2632,44,4679,748,468,2024-01-24 10:29:38,0.0
-13264,-2828,-136,4288,762,716,2024-01-24 10:29:38,0.0
-13720,-2604,-24,3964,892,1079,2024-01-24 10:29:38,0.0
-13756,-2348,424,3633,1046,1464,2024-01-24 10:29:38,0.0
-13472,-2248,36,3376,1429,1877,2024-01-24 10:29:38,0.0
-13532,-1984,20,3068,1836,2027,2024-01-24 10:29:38,0.0
-14132,-1748,400,2869,1574,1997,2024-01-24 10:29:38,0.0
-14848,-2104,1148,2680,235,1783,2024-01-24 10:29:38,0.0
-14968,-2300,988,2867,-754,1816,2024-01-24 10:29:38,0.0
-13648,-1724,948,3209,-1716,1907,2024-01-24 10:29:38,0.0
-12128,-1448,260,3391,-1589,2059,2024-01-24 10:29:38,0.0
-8132,-3080,-4316,3248,2322,1470,2024-01-24 10:29:38,0.0
-13304,840,-6548,2602,8555,-1458,2024-01-24 10:29:38,0.0
-20224,1368,-176,4080,2952,-3175,2024-01-24 10:29:38,0.0
-17744,-652,-2332,5089,-357,-3327,2024-01-24 10:29:38,0.0
-13784,48,-3684,3759,-66,-2158,2024-01-24 10:29:38,0.0
-12216,52,-4300,2389,799,-1372,2024-01-24 10:29:38,0.0
-12920,-1568,-2816,1026,198,-280,2024-01-24 10:29:38,0.0
-12256,-2272,-112,456,-535,379,2024-01-24 10:29:38,0.0
-13132,-1724,-52,290,-92,594,2024-01-24 10:29:38,0.0
-15032,-1604,356,658,-152,329,2024-01-24 10:29:38,0.0
-15580,-936,356,1091,-1779,153,2024-01-24 10:29:38,0.0
-14540,-704,-156,1078,-3357,-67,2024-01-24 10:29:38,0.0
-13324,8,-760,836,-3440,-157,2024-01-24 10:29:38,0.0
-12148,212,-1096,566,-2192,-152,2024-01-24 10:29:38,0.0
-12036,112,-1300,452,-878,-192,2024-01-24 10:29:38,0.0
-12484,-816,-1716,267,-185,-366,2024-01-24 10:29:38,0.0
-13088,-1868,-1232,-17,-275,-566,2024-01-24 10:29:38,0.0
-14004,-2288,-836,-42,-544,-654,2024-01-24 10:29:38,0.0
-14392,-1980,-1224,-10,-907,-438,2024-01-24 10:29:38,0.0
-13564,-1540,-1744,-15,-655,-134,2024-01-24 10:29:38,0.0
-13360,-1312,-1596,-271,-417,60,2024-01-24 10:29:38,0.0
-13944,-988,-1012,-593,-364,83,2024-01-24 10:29:38,0.0
-14368,-968,-608,-689,-601,7,2024-01-24 10:29:38,0.0
-14088,-936,-908,-617,-913,-50,2024-01-24 10:29:38,0.0
-13508,-1136,-996,-502,-946,-141,2024-01-24 10:29:38,0.0
-13008,-1444,-912,-344,-766,-96,2024-01-24 10:29:38,0.0
-12756,-1620,-1088,-194,-348,-21,2024-01-24 10:29:38,0.0
-12868,-1904,-1240,-147,217,97,2024-01-24 10:29:38,0.0
-13384,-1952,-1132,-162,553,245,2024-01-24 10:29:38,0.0
-13724,-1832,-1060,-180,567,344,2024-01-24 10:29:38,0.0
-13844,-1592,-864,-97,293,323,2024-01-24 10:29:38,0.0
-13656,-1372,-668,84,43,233,2024-01-24 10:29:38,0.0
-13792,-1300,-840,108,44,103,2024-01-24 10:29:38,0.0
-13632,-1116,-1060,152,103,68,2024-01-24 10:29:38,0.0
-13636,-976,-976,136,243,107,2024-01-24 10:29:38,
-13692,-1112,-956,103,282,142,2024-01-24 10:29:38,0.0
-13716,-1016,-1228,148,224,146,2024-01-24 10:29:38,0.0
-13748,-1148,-1252,141,215,155,2024-01-24 10:29:38,0.0
-13724,-1248,-1148,243,211,103,2024-01-24 10:29:38,0.0
-13672,-1480,-1120,366,188,9,2024-01-24 10:29:38,0.0
-13784,-1444,-1252,366,147,5,2024-01-24 10:29:38,0.0
-13812,-1232,-948,427,-110,-38,2024-01-24 10:29:38,0.0
-13748,-1152,-960,535,-559,-84,2024-01-24 10:29:38,0.0
-13600,-940,-1108,671,-676,-101,2024-01-24 10:29:39,0.0
-13492,-908,-1444,775,-690,-118,2024-01-24 10:29:39,0.0
-13332,-988,-1640,832,-533,-143,2024-01-24 10:29:39,0.0
-13616,-868,-1888,959,-434,-30,2024-01-24 10:29:39,0.0
-13740,-876,-2108,985,-467,102,2024-01-24 10:29:39,0.0
-13672,-1076,-1964,1023,-607,228,2024-01-24 10:29:39,0.0
-13292,-1188,-2392,1074,-485,281,2024-01-24 10:29:39,0.0
-13184,-1408,-2772,1140,-214,270,2024-01-24 10:29:39,0.0
-13096,-1092,-2680,1252,-117,323,2024-01-24 10:29:39,0.0
-13020,-1164,-2196,1548,-132,283,2024-01-24 10:29:39,0.0
-13332,-1072,-2144,2081,69,196,2024-01-24 10:29:39,0.0
-13204,-1536,-2276,2328,-9,-74,2024-01-24 10:29:39,0.0
-12888,-1548,-2300,2754,-249,-328,2024-01-24 10:29:39,0.0
-12072,-2172,-2244,3172,158,-718,2024-01-24 10:29:39,0.0
-12360,-2360,-2088,3733,858,-1041,2024-01-24 10:29:39,0.0
-12348,-2404,-2744,4239,1396,-1191,2024-01-24 10:29:39,0.0
-11628,-2456,-2412,4876,1864,-1555,2024-01-24 10:29:39,0.0
-11716,-2584,-2320,5558,2876,-1653,2024-01-24 10:29:39,0.0
-11748,-2384,-2712,5965,4361,-1549,2024-01-24 10:29:39,0.0
-11700,-2280,-2724,6333,5497,-1442,2024-01-24 10:29:39,0.0
-12380,-2132,-2388,6705,6305,-1351,2024-01-24 10:29:39,0.0
-12984,-2104,-2020,6952,6546,-1120,2024-01-24 10:29:39,0.0
-12976,-1960,-1828,6952,6570,-983,2024-01-24 10:29:39,0.0
-13320,-2128,-1688,6841,6585,-846,2024-01-24 10:29:39,0.0
-13852,-1760,-1536,6496,6300,-738,2024-01-24 10:29:39,0.0
-14864,-1488,-1544,5663,5576,-697,2024-01-24 10:29:39,0.0
-15396,-1056,-1460,4661,4461,-716,2024-01-24 10:29:39,0.0
-15416,-784,-1800,3763,3347,-808,2024-01-24 10:29:39,0.0
-15248,-612,-1624,3066,2676,-1152,2024-01-24 10:29:39,0.0
-15168,-1048,-1268,2476,1820,-1390,2024-01-24 10:29:39,0.0
-15080,-1248,-812,1935,817,-1402,2024-01-24 10:29:39,0.0
-14600,-2200,-692,1789,-16,-1119,2024-01-24 10:29:39,0.0
-14072,-2744,-1180,1667,-515,-722,2024-01-24 10:29:39,0.0
-13780,-3280,-1324,1432,-777,-236,2024-01-24 10:29:39,0.0
-13272,-3496,-1344,1475,-442,499,2024-01-24 10:29:39,0.0
-12880,-3204,-1580,1218,-73,1138,2024-01-24 10:29:39,0.0
-13036,-3248,-1408,952,244,1611,2024-01-24 10:29:39,0.0
-12984,-2632,-2116,477,223,2062,2024-01-24 10:29:39,0.0
-13104,-2272,-2552,21,92,2295,2024-01-24 10:29:39,0.0
-13148,-2196,-2984,-352,-177,2401,2024-01-24 10:29:39,0.0
-13188,-2304,-3544,-839,-458,2362,2024-01-24 10:29:39,0.0
-13480,-2296,-3452,-1283,-866,2254,2024-01-24 10:29:39,0.0
-13104,-2572,-3932,-1766,-1231,2069,2024-01-24 10:29:39,0.0
-12944,-2820,-4240,-2130,-1520,1927,2024-01-24 10:29:39,0.0
-12864,-3292,-4044,-2391,-2038,1721,2024-01-24 10:29:39,0.0
-12744,-3408,-4320,-2574,-2032,1570,2024-01-24 10:29:39,0.0
-12576,-3532,-4540,-2800,-2095,1391,2024-01-24 10:29:39,0.0
-12260,-3320,-3928,-2913,-2167,1139,2024-01-24 10:29:39,0.0
-12140,-3324,-3620,-2813,-1888,1041,2024-01-24 10:29:39,0.0
-12372,-3116,-4040,-2873,-1577,997,2024-01-24 10:29:39,0.0
-12388,-2964,-4572,-2913,-1248,923,2024-01-24 10:29:39,0.0
-12060,-2844,-5020,-3028,-1239,880,2024-01-24 10:29:39,0.0
-11372,-2980,-4564,-2877,-983,769,2024-01-24 10:29:39,0.0
-11224,-3092,-4764,-2861,286,322,2024-01-24 10:29:39,0.0
-12452,-2108,-3808,-2740,1249,-120,2024-01-24 10:29:39,0.0
-13532,-2120,-4536,-1928,1633,-1122,2024-01-24 10:29:39,0.0
-14016,-1976,-4548,-1909,109,-1640,2024-01-24 10:29:39,0.0
-13388,-1292,-3652,-2100,-635,-2027,2024-01-24 10:29:39,0.0
-13292,-500,-2716,-2213,-679,-2202,2024-01-24 10:29:39,0.0
-13412,596,-2412,-2225,-169,-1956,2024-01-24 10:29:39,0.0
-13516,812,-1956,-2366,149,-1858,2024-01-24 10:29:40,0.0
-13784,944,-1724,-2133,-123,-1708,2024-01-24 10:29:40,0.0
-12652,100,-1740,-2434,-245,-1452,2024-01-24 10:29:40,0.0
-12316,-368,-1440,-2564,445,-1269,2024-01-24 10:29:40,0.0
-13024,164,-1936,-2725,2299,-1460,2024-01-24 10:29:40,0.0
-14728,808,-2500,-3005,3119,-1847,2024-01-24 10:29:40,0.0
-16612,1108,-2500,-3208,2124,-2366,2024-01-24 10:29:40,0.0
-16644,-140,-2880,-3250,493,-2396,2024-01-24 10:29:40,0.0
-17188,-1156,-848,-3774,-541,-1670,2024-01-24 10:29:40,0.0
-16852,-1704,716,-3891,-47,-677,2024-01-24 10:29:40,0.0
-16192,-1968,596,-3751,189,-56,2024-01-24 10:29:40,0.0
-15792,-1344,-272,-3517,247,186,2024-01-24 10:29:40,0.0
-15696,-128,-948,-3303,-369,387,2024-01-24 10:29:40,0.0
-15536,176,-756,-3041,-991,746,2024-01-24 10:29:40,0.0
-14304,428,332,-2565,-2003,975,2024-01-24 10:29:40,0.0
-12848,320,92,-2283,-1890,990,2024-01-24 10:29:40,0.0
-11808,124,-276,-2017,-1073,868,2024-01-24 10:29:40,0.0
-11128,56,-760,-1892,-306,599,2024-01-24 10:29:40,0.0
-11216,-120,-880,-1753,101,124,2024-01-24 10:29:40,0.0
-11776,-180,-792,-1455,35,-294,2024-01-24 10:29:40,0.0
-12628,-572,-668,-1070,-553,-512,2024-01-24 10:29:40,0.0
-12852,-996,-904,-644,-1466,-685,2024-01-24 10:29:40,0.0
-12580,-984,-1384,-349,-2244,-835,2024-01-24 10:29:40,0.0
-12052,-984,-1692,-19,-2407,-1005,2024-01-24 10:29:40,0.0
-12076,-608,-2360,297,-2053,-1102,2024-01-24 10:29:40,0.0
-11872,-912,-2088,505,-1777,-1422,2024-01-24 10:29:40,0.0
-12148,-1324,-2184,782,-1776,-1855,2024-01-24 10:29:40,0.0
-12748,-1256,-2684,1057,-1707,-2089,2024-01-24 10:29:40,0.0
-12840,-1520,-2656,1122,-1733,-2289,2024-01-24 10:29:40,0.0
-13040,-1464,-2816,1174,-1898,-2466,2024-01-24 10:29:40,0.0
-12892,-1468,-3304,1093,-1515,-2507,2024-01-24 10:29:40,0.0
-13036,-1508,-3800,1107,-1159,-2536,2024-01-24 10:29:40,
-12948,-1572,-4208,900,-925,-2491,2024-01-24 10:29:40,0.0
-13100,-1028,-4884,633,-554,-2110,2024-01-24 10:29:40,0.0
-13140,-880,-5216,485,324,-1546,2024-01-24 10:29:40,0.0
-13276,-1364,-5164,478,1238,-934,2024-01-24 10:29:40,0.0
-13968,-2076,-5020,628,2486,-52,2024-01-24 10:29:40,0.0
-14600,-3452,-4192,804,2777,843,2024-01-24 10:29:40,0.0
-13568,-3072,-2928,974,1555,1581,2024-01-24 10:29:40,0.0
-10960,-2080,-1952,1678,1460,1727,2024-01-24 10:29:40,0.0
-10292,-2432,-1224,2565,4773,1855,2024-01-24 10:29:40,0.0
-13112,-3748,-928,3153,8458,2541,2024-01-24 10:29:40,0.0
-16024,-4020,-656,3387,8103,3407,2024-01-24 10:29:40,0.0
-16152,-3548,-612,3836,6132,3725,2024-01-24 10:29:40,0.0
-15964,-3352,292,4750,4977,3389,2024-01-24 10:29:40,0.0
-16412,-3220,680,6193,3960,2480,2024-01-24 10:29:40,0.0
-17036,-3256,312,6845,2832,1497,2024-01-24 10:29:40,0.0
-16532,-3252,-88,7178,1124,1004,2024-01-24 10:29:40,0.0
-15040,-2876,-324,7452,193,671,2024-01-24 10:29:40,0.0
-14420,-1572,-404,7008,82,20,2024-01-24 10:29:40,0.0
-13908,-1920,428,6430,-276,-534,2024-01-24 10:29:40,0.0
-12940,-1576,-628,6129,-231,-798,2024-01-24 10:29:40,0.0
-12276,-1292,-964,5275,-129,-801,2024-01-24 10:29:40,0.0
-11680,-1788,-952,4436,-78,-770,2024-01-24 10:29:40,0.0
-11544,-1744,-1016,3660,-144,-287,2024-01-24 10:29:40,0.0
-11704,-1408,-1608,2800,289,305,2024-01-24 10:29:40,0.0
-11944,-1672,-1468,2157,397,905,2024-01-24 10:29:40,0.0
-11972,-2240,-1480,1952,424,1438,2024-01-24 10:29:40,0.0
-12528,-2924,-1556,1675,313,2011,2024-01-24 10:29:40,0.0
-12932,-3828,-1264,1965,128,2484,2024-01-24 10:29:40,0.0
-12912,-4300,-2604,2880,-42,3119,2024-01-24 10:29:41,0.0
-12592,-4240,-3560,3297,215,3484,2024-01-24 10:29:41,0.0
-12592,-4300,-3412,3147,234,3596,2024-01-24 10:29:41,0.0
-12636,-4620,-2808,3469,-543,3488,2024-01-24 10:29:41,0.0
-12000,-4652,-3188,3517,-873,3168,2024-01-24 10:29:41,0.0
-11592,-4552,-3016,3498,-345,2856,2024-01-24 10:29:41,0.0
-11388,-4444,-2888,3509,-96,2382,2024-01-24 10:29:41,0.0
-11284,-3848,-3488,3468,163,1936,2024-01-24 10:29:41,0.0
-11012,-3460,-3748,3248,-182,1706,2024-01-24 10:29:41,0.0
-10964,-3348,-4472,2802,123,1359,2024-01-24 10:29:41,0.0
-11540,-3176,-5004,2369,374,975,2024-01-24 10:29:41,0.0
-11744,-2732,-5108,1669,293,636,2024-01-24 10:29:41,0.0
-11796,-1768,-5972,929,867,430,2024-01-24 10:29:41,0.0
-12212,-888,-6148,334,2119,187,2024-01-24 10:29:41,0.0
-13568,-16,-5932,71,2915,-450,2024-01-24 10:29:41,0.0
-13820,-1300,-5100,585,2747,-1749,2024-01-24 10:29:41,0.0
-14492,-2324,-5908,1251,2826,-3655,2024-01-24 10:29:41,0.0
-16220,-932,-3928,732,1763,-4067,2024-01-24 10:29:41,0.0
-17396,-1092,-2224,516,535,-3496,2024-01-24 10:29:41,0.0
-17580,1060,-2608,-124,-302,-1997,2024-01-24 10:29:41,0.0
-15456,1316,-2052,-1577,-650,-637,2024-01-24 10:29:41,0.0
-14144,1176,40,-1834,-1130,-138,2024-01-24 10:29:41,0.0
-12376,1248,-712,-2185,-754,-1147,2024-01-24 10:29:41,0.0
-13500,2776,-1604,-2776,950,-1947,2024-01-24 10:29:41,0.0
-15796,3812,-2848,-2981,1886,-2630,2024-01-24 10:29:41,0.0
-19476,2916,-3060,-2996,-841,-2999,2024-01-24 10:29:41,0.0
-19216,1180,-3292,-3925,-2418,-1961,2024-01-24 10:29:41,0.0
-17896,116,-1696,-5182,-2502,-87,2024-01-24 10:29:41,0.0
-16360,232,-1020,-5729,-3453,1057,2024-01-24 10:29:41,0.0
-13292,464,-1272,-6089,-3682,1617,2024-01-24 10:29:41,0.0
-11728,808,-1252,-6261,-2978,1523,2024-01-24 10:29:41,0.0
-11260,1020,-960,-6534,-2142,1032,2024-01-24 10:29:41,0.0
-11112,1076,-1088,-6630,-1821,563,2024-01-24 10:29:41,0.0
-10756,1036,-1032,-6750,-1454,225,2024-01-24 10:29:41,0.0
-10720,612,-592,-6826,-1176,-353,2024-01-24 10:29:41,0.0
-10376,92,-736,-6319,-651,-948,2024-01-24 10:29:41,0.0
-10240,40,-1140,-5926,140,-1588,2024-01-24 10:29:41,0.0
-10720,-252,-1116,-5543,642,-2318,2024-01-24 10:29:41,0.0
-11852,-748,-724,-5283,686,-2854,2024-01-24 10:29:41,0.0
-13292,-1424,-844,-4779,330,-2957,2024-01-24 10:29:41,0.0
-13676,-1540,-1620,-4352,-548,-2770,2024-01-24 10:29:41,0.0
-13060,-1672,-2432,-4036,-1104,-2563,2024-01-24 10:29:41,0.0
-12296,-1352,-2464,-3860,-1238,-2688,2024-01-24 10:29:41,0.0
-11692,-1332,-2328,-3735,-892,-2998,2024-01-24 10:29:41,0.0
-11568,-1668,-2400,-3640,-863,-3539,2024-01-24 10:29:41,0.0
-12308,-1984,-2312,-3634,-1220,-4110,2024-01-24 10:29:41,0.0
-12512,-2208,-2388,-3504,-1794,-4403,2024-01-24 10:29:41,0.0
-12456,-2280,-3176,-3389,-2048,-4436,2024-01-24 10:29:41,0.0
-11308,-2244,-4196,-3561,-1718,-4397,2024-01-24 10:29:41,0.0
-10300,-2300,-4820,-3961,-934,-4442,2024-01-24 10:29:41,0.0
-9524,-2248,-5272,-4494,559,-4396,2024-01-24 10:29:41,0.0
-10476,-1812,-6312,-5072,2698,-3951,2024-01-24 10:29:41,0.0
-11920,-2020,-6180,-5349,4976,-2965,2024-01-24 10:29:41,0.0
-15440,-3480,-5732,-4726,6431,-1673,2024-01-24 10:29:41,0.0
-18804,-5368,-4640,-4014,4804,160,2024-01-24 10:29:41,0.0
-18064,-5496,-3616,-2954,1774,1783,2024-01-24 10:29:41,0.0
-15760,-5240,-3884,-1707,3240,3155,2024-01-24 10:29:41,0.0
-17420,-6628,-1048,-197,5410,4182,2024-01-24 10:29:41,0.0
-18824,-5212,3124,2219,4840,5464,2024-01-24 10:29:41,0.0
-15812,-3424,4004,4464,3708,4909,2024-01-24 10:29:41,0.0
-14568,-2928,2692,6993,2925,2938,2024-01-24 10:29:42,0.0
-15864,-3724,1248,8395,1694,1310,2024-01-24 10:29:42,0.0
-16488,-4360,-1360,8617,13,-56,2024-01-24 10:29:42,0.0
-16688,-3852,-652,8380,-496,-235,2024-01-24 10:29:42,0.0
-14828,-2552,232,8374,-35,295,2024-01-24 10:29:42,0.0
-13500,-1628,964,8109,867,718,2024-01-24 10:29:42,0.0
-12452,-1360,228,7650,796,858,2024-01-24 10:29:42,0.0
-11148,-804,-840,6944,1309,989,2024-01-24 10:29:42,0.0
-10492,-760,-824,6164,2064,1163,2024-01-24 10:29:42,0.0
-11100,-552,-1100,5788,2422,1544,2024-01-24 10:29:42,0.0
-11856,-1092,-1236,5380,2237,2030,2024-01-24 10:29:42,0.0
-12244,-1204,-1216,5194,1123,2380,2024-01-24 10:29:42,
-12104,-1960,-1300,4949,482,2607,2024-01-24 10:29:42,0.0
-11872,-2760,-1500,4952,420,3081,2024-01-24 10:29:42,0.0
-11884,-3556,-1496,5147,746,3345,2024-01-24 10:29:42,0.0
-12384,-4368,-1888,5518,1205,3758,2024-01-24 10:29:42,0.0
-13124,-4696,-1832,6073,1198,4419,2024-01-24 10:29:42,0.0
-13588,-4888,-1912,6657,631,4912,2024-01-24 10:29:42,0.0
-13656,-4864,-1984,7450,-25,5088,2024-01-24 10:29:42,0.0
-13468,-5060,-2188,8360,-440,5056,2024-01-24 10:29:42,0.0
-13284,-5424,-2448,9408,-502,4870,2024-01-24 10:29:42,0.0
-13040,-5620,-2408,10623,-406,4678,2024-01-24 10:29:42,0.0
-12664,-6020,-2576,11769,-236,4565,2024-01-24 10:29:42,0.0
-12392,-6288,-2940,12832,118,4625,2024-01-24 10:29:42,0.0
-12280,-6568,-3316,13783,592,4816,2024-01-24 10:29:42,0.0
-11328,-7328,-3984,14807,1327,4928,2024-01-24 10:29:42,0.0
-10636,-8088,-4552,16046,2537,4866,2024-01-24 10:29:42,0.0
-10524,-9052,-4964,17340,3536,5093,2024-01-24 10:29:42,0.0
-10896,-8788,-5236,18467,3746,5391,2024-01-24 10:29:42,0.0
-12284,-7208,-4644,19068,3405,6044,2024-01-24 10:29:42,0.0
-12148,-6052,-4612,19448,2945,6741,2024-01-24 10:29:42,0.0
-11648,-5400,-5072,19484,3249,6821,2024-01-24 10:29:42,0.0
-11636,-4848,-5540,19463,3701,6006,2024-01-24 10:29:42,0.0
-13248,-3044,-6420,19873,4209,4362,2024-01-24 10:29:42,0.0
-17036,1316,-7044,20261,276,1987,2024-01-24 10:29:42,0.0
-16104,820,-6688,19793,-4901,-661,2024-01-24 10:29:42,0.0
-13304,660,-7200,18662,-5253,-171,2024-01-24 10:29:42,0.0
-10788,2644,-6328,15301,-2529,2077,2024-01-24 10:29:42,0.0
-10884,1464,-4312,13990,-506,3375,2024-01-24 10:29:42,0.0
-11528,956,-4292,13788,996,3778,2024-01-24 10:29:42,0.0
-14868,876,-3036,14324,623,3549,2024-01-24 10:29:42,0.0
-16428,700,-3024,15345,-191,3842,2024-01-24 10:29:42,0.0
-16164,-140,-3180,16303,-156,4270,2024-01-24 10:29:42,0.0
-16612,-316,-3868,16906,-32,5331,2024-01-24 10:29:42,0.0
-15568,216,-3804,17491,-358,6952,2024-01-24 10:29:42,0.0
-14160,684,-3632,18296,-252,7660,2024-01-24 10:29:42,0.0
-12028,768,-3696,18542,106,7366,2024-01-24 10:29:42,0.0
-11040,-488,-2544,18858,316,6921,2024-01-24 10:29:42,0.0
-10896,-644,-2272,19296,667,6628,2024-01-24 10:29:42,0.0
-11708,-816,-1692,19944,71,6600,2024-01-24 10:29:42,0.0
-11616,-700,-2000,20624,-478,6288,2024-01-24 10:29:42,0.0
-11900,-524,-2532,20895,-796,5964,2024-01-24 10:29:42,0.0
-11516,-1072,-2264,20827,-1007,5565,2024-01-24 10:29:42,0.0
-12132,-1484,-1540,20976,-1425,4709,2024-01-24 10:29:42,0.0
-11600,-1664,-1768,20782,-1434,4241,2024-01-24 10:29:42,0.0
-12556,-1728,-1624,20197,-1146,3932,2024-01-24 10:29:42,0.0
-13120,-1664,-2204,19191,-1285,4055,2024-01-24 10:29:42,0.0
-13076,-552,-2212,17373,-1161,3896,2024-01-24 10:29:42,0.0
-13620,712,-1200,15561,-1506,3700,2024-01-24 10:29:42,0.0
-12988,808,-716,13926,-2462,3656,2024-01-24 10:29:42,0.0
-11780,1192,-492,12234,-2686,3360,2024-01-24 10:29:43,0.0
-11408,1440,-288,10907,-1835,2974,2024-01-24 10:29:43,0.0
-11808,-88,1324,10239,-1374,2220,2024-01-24 10:29:43,0.0
-12796,-1860,2168,10436,-1128,1311,2024-01-24 10:29:43,0.0
-13620,-3184,2020,10605,-854,652,2024-01-24 10:29:43,0.0
-14052,-4064,1696,10497,-407,-110,2024-01-24 10:29:43,0.0
-15316,-2460,-676,9884,1217,-80,2024-01-24 10:29:43,0.0
-15604,-1316,-3772,8758,1792,-86,2024-01-24 10:29:43,0.0
-18220,1232,-7200,7836,2624,393,2024-01-24 10:29:43,0.0
-20876,3228,-11868,6747,6108,2250,2024-01-24 10:29:43,0.0
-23640,4032,-11972,5025,6943,4882,2024-01-24 10:29:43,0.0
-22132,7352,-9960,1280,5671,7395,2024-01-24 10:29:43,0.0
-13500,6296,-5416,-1690,2166,7309,2024-01-24 10:29:43,0.0
-7136,1736,-1872,-563,-3337,4048,2024-01-24 10:29:43,0.0
-5100,656,-3548,-392,-3907,439,2024-01-24 10:29:43,0.0
-8980,-1404,-4712,-1839,-938,-2185,2024-01-24 10:29:43,0.0
-15720,-1696,-5716,-3656,2271,-2904,2024-01-24 10:29:43,0.0
-18516,-876,-6724,-5440,2260,-3258,2024-01-24 10:29:43,0.0
-18972,560,-4524,-7363,51,-3894,2024-01-24 10:29:43,0.0
-14736,96,-4364,-8878,-353,-4289,2024-01-24 10:29:43,0.0
-14504,-4,-3812,-9827,-266,-4751,2024-01-24 10:29:43,0.0
-13608,48,-4048,-11462,-1450,-5621,2024-01-24 10:29:43,0.0
-11084,416,-3980,-13033,-2621,-6636,2024-01-24 10:29:43,0.0
-9472,696,-4012,-14467,-2390,-7356,2024-01-24 10:29:43,0.0
-8580,544,-4228,-15979,-1204,-7732,2024-01-24 10:29:43,0.0
-9500,8,-4068,-17442,-469,-7266,2024-01-24 10:29:43,0.0
-10460,-272,-4080,-19044,-920,-5965,2024-01-24 10:29:43,0.0
-10424,-1032,-3308,-20640,-1433,-4229,2024-01-24 10:29:43,0.0
-10440,-2040,-2868,-21737,-1364,-2725,2024-01-24 10:29:43,0.0
-11012,-2604,-3564,-22683,-969,-1441,2024-01-24 10:29:43,0.0
-11340,-2540,-4684,-23973,-818,-292,2024-01-24 10:29:43,0.0
-11420,-2260,-5076,-24974,-483,162,2024-01-24 10:29:43,0.0
-10204,-2028,-6508,-25450,572,-126,2024-01-24 10:29:43,0.0
-10320,-1936,-7884,-25925,1853,-1024,2024-01-24 10:29:43,0.0
-10284,-2536,-7460,-24902,4302,-2065,2024-01-24 10:29:43,0.0
-12752,-2180,-6244,-22984,6029,-3253,2024-01-24 10:29:43,0.0
-14736,-5180,-4960,-21105,5037,-5368,2024-01-24 10:29:43,0.0
-15508,-7548,-6152,-19190,4962,-6648,2024-01-24 10:29:43,0.0
-15508,-6988,-4832,-17941,4483,-5788,2024-01-24 10:29:43,0.0
-15308,-6044,-2724,-17164,3871,-4307,2024-01-24 10:29:43,0.0
-15848,-2564,-964,-16567,3330,-3445,2024-01-24 10:29:43,0.0
-16500,1048,976,-15517,2661,-3542,2024-01-24 10:29:43,0.0
-16628,3588,988,-14507,3175,-3792,2024-01-24 10:29:43,0.0
-17332,5680,528,-13900,1893,-3806,2024-01-24 10:29:43,0.0
-15440,5912,-1260,-14180,-216,-3850,2024-01-24 10:29:43,0.0
-11980,5020,-3236,-15049,-1039,-3872,2024-01-24 10:29:43,0.0
-11712,4584,-2864,-15123,-549,-3142,2024-01-24 10:29:43,0.0
-10684,3416,-3056,-15053,89,-2898,2024-01-24 10:29:43,0.0
-12204,1688,-616,-14554,404,-2821,2024-01-24 10:29:43,0.0
-9848,-216,-1548,-14166,1573,-3588,2024-01-24 10:29:43,0.0
-9956,-1044,-1104,-13739,2728,-4046,2024-01-24 10:29:43,0.0
-11400,-732,204,-13192,2650,-4249,2024-01-24 10:29:43,
-13220,336,-76,-12516,2220,-4308,2024-01-24 10:29:43,0.0
-14708,716,336,-11823,1134,-4553,2024-01-24 10:29:43,0.0
-16220,904,368,-11262,-394,-4703,2024-01-24 10:29:43,0.0
-15916,1016,-628,-10602,-1727,-4541,2024-01-24 10:29:43,0.0
-15156,1744,-2052,-10583,-2782,-4042,2024-01-24 10:29:43,0.0
-14256,1268,-2252,-10784,-3277,-3128,2024-01-24 10:29:43,0.0
-13380,1280,-3692,-10831,-3062,-2320,2024-01-24 10:29:43,0.0
-12104,2212,-6532,-11155,-1548,-1460,2024-01-24 10:29:44,0.0
-11280,1304,-6404,-11064,963,-639,2024-01-24 10:29:44,0.0
-16160,-1512,-5720,-10791,1808,452,2024-01-24 10:29:44,0.0
-18380,-1972,-5660,-10765,-612,1368,2024-01-24 10:29:44,0.0
-14588,-2224,-3388,-9989,-3411,1117,2024-01-24 10:29:44,0.0
-12380,-2040,-1080,-8328,-4290,-228,2024-01-24 10:29:44,0.0
-11804,-1668,-952,-7239,-4427,-1269,2024-01-24 10:29:44,0.0
-10692,-492,-820,-6480,-3638,-1840,2024-01-24 10:29:44,0.0
-11092,312,-720,-6307,-2013,-2106,2024-01-24 10:29:44,0.0
-12476,1220,-2076,-6548,-286,-1957,2024-01-24 10:29:44,0.0
-12436,1132,-1940,-6897,400,-1970,2024-01-24 10:29:44,0.0
-12988,64,-1016,-6854,469,-2192,2024-01-24 10:29:44,0.0
-14124,-1012,-500,-6375,249,-2101,2024-01-24 10:29:44,0.0
-14780,-800,-928,-5838,-2,-1580,2024-01-24 10:29:44,0.0
-14672,92,-1756,-5390,-245,-1049,2024-01-24 10:29:44,0.0
-14444,456,-1664,-4977,-562,-716,2024-01-24 10:29:44,0.0
-14020,492,-1632,-4540,-904,-472,2024-01-24 10:29:44,0.0
-13088,264,-1472,-4029,-833,-553,2024-01-24 10:29:44,0.0
-12932,256,-956,-3609,-470,-778,2024-01-24 10:29:44,0.0
-13480,-72,-716,-3090,-365,-941,2024-01-24 10:29:44,0.0
-13920,-408,-864,-2575,-595,-808,2024-01-24 10:29:44,0.0
-14112,-128,-784,-2189,-858,-742,2024-01-24 10:29:44,0.0
-13956,52,-748,-1656,-1164,-689,2024-01-24 10:29:44,0.0
-13824,200,-960,-1251,-1249,-675,2024-01-24 10:29:44,0.0
-13696,228,-1200,-1004,-1095,-674,2024-01-24 10:29:44,0.0
-13440,296,-1144,-841,-960,-646,2024-01-24 10:29:44,0.0
-13404,188,-980,-727,-835,-640,2024-01-24 10:29:44,0.0
-13508,240,-860,-547,-793,-556,2024-01-24 10:29:44,0.0
-13524,68,-816,-347,-762,-382,2024-01-24 10:29:44,0.0
-13388,100,-536,-126,-766,-236,2024-01-24 10:29:44,0.0
-13540,80,-716,143,-574,-84,2024-01-24 10:29:44,0.0
-13460,-32,-972,331,-410,28,2024-01-24 10:29:44,0.0
-13280,92,-1276,446,-363,22,2024-01-24 10:29:44,0.0
-13484,132,-868,534,-298,-30,2024-01-24 10:29:44,0.0
-13500,220,-872,587,-153,-132,2024-01-24 10:29:44,0.0
-13408,204,-848,679,-1,-211,2024-01-24 10:29:44,0.0
-13628,384,-1080,750,-44,-232,2024-01-24 10:29:44,0.0
-13508,388,-1372,778,-47,-194,2024-01-24 10:29:44,0.0
-13348,396,-1216,775,16,-227,2024-01-24 10:29:44,0.0
-13456,340,-912,759,237,-216,2024-01-24 10:29:44,0.0
-13440,248,-1176,753,313,-282,2024-01-24 10:29:44,0.0
-13596,196,-1256,707,184,-255,2024-01-24 10:29:44,0.0
-13544,168,-1216,681,145,-171,2024-01-24 10:29:44,0.0
-13512,308,-1176,645,251,-142,2024-01-24 10:29:44,0.0
-13576,416,-1412,637,212,-153,2024-01-24 10:29:44,0.0
-13636,448,-1196,582,169,-162,2024-01-24 10:29:44,0.0
-13756,272,-1056,541,186,-241,2024-01-24 10:29:44,0.0
-13704,300,-1148,512,205,-301,2024-01-24 10:29:44,0.0
-13680,268,-1384,450,159,-379,2024-01-24 10:29:44,0.0
-13764,220,-1248,411,-25,-428,2024-01-24 10:29:44,0.0
-13656,356,-1204,354,-155,-438,2024-01-24 10:29:44,0.0
-13776,280,-1424,230,-256,-421,2024-01-24 10:29:44,0.0
-13608,228,-1336,158,-322,-402,2024-01-24 10:29:44,0.0
-13428,168,-1228,111,-312,-481,2024-01-24 10:29:44,0.0
-13268,176,-1292,63,-226,-507,2024-01-24 10:29:44,0.0
-13492,160,-1148,44,-110,-565,2024-01-24 10:29:44,0.0
-13668,128,-1224,1,-85,-559,2024-01-24 10:29:44,0.0
-13656,84,-1004,-18,-66,-546,2024-01-24 10:29:44,0.0
-13680,-84,-1132,-100,-12,-459,2024-01-24 10:29:44,0.0
-13712,-48,-988,-171,1,-404,2024-01-24 10:29:44,0.0
-13692,-36,-972,-125,-57,-321,2024-01-24 10:29:45,0.0
-13576,-36,-1040,-128,-140,-309,2024-01-24 10:29:45,0.0
-13368,-80,-1024,-108,-36,-329,2024-01-24 10:29:45,0.0
-13300,40,-1136,-29,159,-339,2024-01-24 10:29:45,0.0
-13504,84,-1044,1,300,-369,2024-01-24 10:29:45,0.0
-13656,116,-1008,18,322,-385,2024-01-24 10:29:45,0.0
-13728,-16,-984,-63,293,-379,2024-01-24 10:29:45,0.0
-13768,-156,-1196,-65,175,-351,2024-01-24 10:29:45,0.0
-13716,-88,-1144,-111,-20,-312,2024-01-24 10:29:45,0.0
-13760,-56,-1332,-69,-104,-277,2024-01-24 10:29:45,0.0
-13684,-76,-1400,-120,-141,-245,2024-01-24 10:29:45,0.0
-13480,108,-1244,-214,-93,-242,2024-01-24 10:29:45,0.0
-13576,60,-1248,-302,-11,-292,2024-01-24 10:29:45,0.0
-13560,24,-1236,-336,28,-315,2024-01-24 10:29:45,0.0
-13620,-4,-964,-410,27,-294,2024-01-24 10:29:45,0.0
-13624,-144,-908,-434,34,-230,2024-01-24 10:29:45,0.0
-13568,-168,-880,-415,35,-174,2024-01-24 10:29:45,0.0
-13484,-228,-980,-389,17,-174,2024-01-24 10:29:45,0.0
-13488,-292,-1164,-410,99,-165,2024-01-24 10:29:45,0.0
-13508,-240,-860,-417,148,-154,2024-01-24 10:29:45,0.0
-13432,-224,-1112,-430,194,-100,2024-01-24 10:29:45,0.0
-13608,-228,-992,-377,356,-133,2024-01-24 10:29:45,0.0
-13700,-280,-1032,-318,379,-144,2024-01-24 10:29:45,0.0
-13644,-220,-1196,-308,350,-91,2024-01-24 10:29:45,0.0
-13548,-140,-1192,-324,316,-121,2024-01-24 10:29:45,0.0
-13432,-184,-1180,-288,389,-142,2024-01-24 10:29:45,0.0
-13628,12,-1080,-262,482,-121,2024-01-24 10:29:45,0.0
-13820,-156,-1120,-266,414,-112,2024-01-24 10:29:45,0.0
-13764,-76,-1232,-317,334,-115,2024-01-24 10:29:45,0.0
-13680,-176,-1188,-338,234,-108,2024-01-24 10:29:45,0.0
-13672,-176,-1156,-319,125,-158,2024-01-24 10:29:45,0.0
-13628,-200,-1124,-363,39,-124,2024-01-24 10:29:45,0.0
-13588,-140,-1180,-360,33,-154,2024-01-24 10:29:45,
-13644,-220,-1012,-354,102,-134,2024-01-24 10:29:45,0.0
-13600,-204,-1064,-312,160,-138,2024-01-24 10:29:45,0.0
-13512,-280,-1152,-328,230,-123,2024-01-24 10:29:45,0.0
-13548,-144,-1164,-288,233,-131,2024-01-24 10:29:45,0.0
-13712,-112,-1080,-237,175,-125,2024-01-24 10:29:45,0.0
-13472,-56,-1076,-207,192,-118,2024-01-24 10:29:45,0.0
-13620,-168,-1364,-135,230,-112,2024-01-24 10:29:45,0.0
-13504,-72,-1224,-143,248,-173,2024-01-24 10:29:45,0.0
-13604,24,-1224,-125,328,-188,2024-01-24 10:29:45,0.0
-13720,-8,-1392,-112,256,-173,2024-01-24 10:29:45,0.0
-13760,-60,-1196,-114,196,-207,2024-01-24 10:29:45,0.0
-13744,-220,-1244,-76,85,-208,2024-01-24 10:29:45,0.0
-13772,-232,-1064,-58,-20,-219,2024-01-24 10:29:45,0.0
-13436,-260,-1148,-68,27,-259,2024-01-24 10:29:45,0.0
-13512,-244,-1172,-85,25,-284,2024-01-24 10:29:45,0.0
-13528,-196,-1224,-99,40,-303,2024-01-24 10:29:45,0.0
-13480,-140,-1064,-178,63,-376,2024-01-24 10:29:45,0.0
-13568,-144,-1036,-220,108,-413,2024-01-24 10:29:45,0.0
-13612,-168,-1108,-259,86,-385,2024-01-24 10:29:45,0.0
-13592,-204,-1000,-297,109,-388,2024-01-24 10:29:45,0.0
-13548,-232,-1124,-328,130,-398,2024-01-24 10:29:45,0.0
-13520,-224,-976,-328,224,-361,2024-01-24 10:29:45,0.0
-13728,-204,-944,-354,245,-359,2024-01-24 10:29:45,0.0
-13652,-284,-1032,-322,228,-349,2024-01-24 10:29:45,0.0
-13676,-400,-940,-319,184,-335,2024-01-24 10:29:45,0.0
-13740,-368,-944,-246,165,-306,2024-01-24 10:29:45,0.0
-13764,-340,-1012,-196,136,-298,2024-01-24 10:29:45,0.0
-13808,-372,-1012,-129,214,-286,2024-01-24 10:29:46,0.0
-13732,-376,-1184,-110,177,-300,2024-01-24 10:29:46,0.0
-13608,-196,-1120,-74,125,-328,2024-01-24 10:29:46,0.0
-13584,-236,-976,-38,169,-324,2024-01-24 10:29:46,0.0
-13656,-244,-1116,-31,238,-310,2024-01-24 10:29:46,0.0
-13628,-304,-1044,33,228,-318,2024-01-24 10:29:46,0.0
-13624,-200,-980,-16,223,-317,2024-01-24 10:29:46,0.0
-13588,-196,-1024,12,176,-315,2024-01-24 10:29:46,0.0
-13612,-304,-928,-7,123,-324,2024-01-24 10:29:46,0.0
-13636,-348,-880,32,149,-351,2024-01-24 10:29:46,0.0
-13568,-232,-1008,16,195,-332,2024-01-24 10:29:46,0.0
-13652,-320,-1084,38,190,-348,2024-01-24 10:29:46,0.0
-13620,-288,-904,6,169,-357,2024-01-24 10:29:46,0.0
-13564,-368,-1012,-53,191,-355,2024-01-24 10:29:46,0.0
-13580,-312,-752,-48,230,-345,2024-01-24 10:29:46,0.0
-13596,-308,-852,-32,354,-323,2024-01-24 10:29:46,0.0
-13656,-284,-1076,-2,371,-308,2024-01-24 10:29:46,0.0
-13556,-344,-956,78,330,-317,2024-01-24 10:29:46,0.0
-13604,-188,-1044,75,324,-255,2024-01-24 10:29:46,0.0
-13644,-236,-1032,40,316,-233,2024-01-24 10:29:46,0.0
-13512,-340,-1120,99,333,-219,2024-01-24 10:29:46,0.0
-13560,-304,-1040,104,421,-205,2024-01-24 10:29:46,0.0
-13552,-196,-1208,114,436,-197,2024-01-24 10:29:46,0.0
-13584,-292,-1000,149,373,-220,2024-01-24 10:29:46,0.0
-13612,-276,-1048,142,358,-209,2024-01-24 10:29:46,0.0
-13780,-232,-1200,189,359,-190,2024-01-24 10:29:46,0.0
-13636,-340,-1260,184,357,-157,2024-01-24 10:29:46,0.0
-13604,-312,-1140,189,321,-150,2024-01-24 10:29:46,0.0
-13676,-372,-1216,166,284,-159,2024-01-24 10:29:46,0.0
-13536,-272,-1252,149,242,-158,2024-01-24 10:29:46,0.0
-13624,-212,-1252,99,260,-177,2024-01-24 10:29:46,0.0
-13568,-160,-1228,119,273,-139,2024-01-24 10:29:46,0.0
-13580,-176,-1112,89,313,-173,2024-01-24 10:29:46,0.0
-13564,-276,-1132,96,327,-196,2024-01-24 10:29:46,0.0
-13532,-340,-1080,52,387,-204,2024-01-24 10:29:46,0.0
-13640,-420,-1180,50,413,-186,2024-01-24 10:29:46,0.0
-13616,-452,-1168,70,348,-166,2024-01-24 10:29:46,0.0
-13556,-348,-1192,36,387,-190,2024-01-24 10:29:46,0.0
-13572,-364,-1372,51,481,-173,2024-01-24 10:29:46,0.0
-13524,-380,-1296,90,484,-145,2024-01-24 10:29:46,0.0
-13512,-352,-1100,98,454,-149,2024-01-24 10:29:46,0.0
-13620,-424,-1252,103,410,-186,2024-01-24 10:29:46,0.0
-13700,-420,-1380,138,384,-143,2024-01-24 10:29:46,0.0
-13532,-360,-1252,151,422,-126,2024-01-24 10:29:46,0.0
-13556,-368,-1316,192,490,-121,2024-01-24 10:29:46,0.0
-13536,-448,-1100,228,397,-105,2024-01-24 10:29:46,0.0
-13488,-384,-1232,275,324,-105,2024-01-24 10:29:46,0.0
-13552,-440,-1260,322,265,-100,2024-01-24 10:29:46,0.0
-13568,-388,-1284,326,290,-97,2024-01-24 10:29:46,0.0
-13480,-376,-1260,349,335,-112,2024-01-24 10:29:46,0.0
-13484,-424,-1276,329,342,-128,2024-01-24 10:29:46,0.0
-13548,-356,-1336,290,383,-145,2024-01-24 10:29:46,0.0
-13500,-268,-1268,332,383,-101,2024-01-24 10:29:46,0.0
-13604,-504,-1248,328,330,-109,2024-01-24 10:29:46,0.0
-13532,-480,-1476,332,269,-66,2024-01-24 10:29:46,0.0
-13512,-328,-1324,326,287,-77,2024-01-24 10:29:46,0.0
-13468,-332,-1384,333,306,-84,2024-01-24 10:29:46,0.0
-13488,-292,-1368,331,318,-141,2024-01-24 10:29:46,0.0
-13528,-332,-1276,378,388,-143,2024-01-24 10:29:46,0.0
-13608,-332,-1380,395,420,-142,2024-01-24 10:29:46,0.0
-13520,-276,-1312,405,398,-133,2024-01-24 10:29:47,0.0
-13584,-296,-1268,410,359,-127,2024-01-24 10:29:47,0.0
-13716,-372,-1352,391,323,-110,2024-01-24 10:29:47,0.0
-13556,-356,-1288,441,300,-80,2024-01-24 10:29:47,0.0
-13640,-372,-1464,406,269,-52,2024-01-24 10:29:47,0.0
-13656,-348,-1200,395,201,-18,2024-01-24 10:29:47,0.0
-13684,-352,-1288,371,130,49,2024-01-24 10:29:47,0.0
-13544,-352,-1336,377,87,82,2024-01-24 10:29:47,0.0
-13524,-348,-1156,446,95,100,2024-01-24 10:29:47,0.0
-13328,-392,-1228,459,187,110,2024-01-24 10:29:47,0.0
-13508,-448,-1140,538,232,95,2024-01-24 10:29:47,0.0
-13636,-440,-1268,583,252,73,2024-01-24 10:29:47,0.0
-13548,-340,-1368,618,276,70,2024-01-24 10:29:47,
-13560,-320,-1400,627,246,92,2024-01-24 10:29:47,0.0
-13568,-408,-1424,615,212,101,2024-01-24 10:29:47,0.0
-13468,-388,-1408,635,218,104,2024-01-24 10:29:47,0.0
-13548,-304,-1464,581,222,130,2024-01-24 10:29:47,0.0
-13540,-256,-1316,558,299,91,2024-01-24 10:29:47,0.0
-13580,-204,-1424,522,230,82,2024-01-24 10:29:47,0.0
-13600,-220,-1324,544,215,23,2024-01-24 10:29:47,0.0
-13608,-316,-1476,484,203,35,2024-01-24 10:29:47,0.0
-13656,-232,-1368,453,158,38,2024-01-24 10:29:47,0.0
-13524,-232,-1328,465,147,52,2024-01-24 10:29:47,0.0
-13592,-272,-1396,491,77,51,2024-01-24 10:29:47,0.0
-13580,-336,-1316,548,15,48,2024-01-24 10:29:47,0.0
-13560,-192,-1100,627,17,48,2024-01-24 10:29:47,0.0
-13480,-304,-1220,648,46,60,2024-01-24 10:29:47,0.0
-13456,-268,-1300,681,153,10,2024-01-24 10:29:47,0.0
-13560,-316,-1424,694,255,-16,2024-01-24 10:29:47,0.0
-13480,-184,-1052,686,302,-32,2024-01-24 10:29:47,0.0
-13584,-252,-1456,673,306,10,2024-01-24 10:29:47,0.0
-13660,-116,-1424,627,258,36,2024-01-24 10:29:47,0.0
-13572,-192,-1340,616,217,41,2024-01-24 10:29:47,0.0
-13580,-116,-1372,573,174,84,2024-01-24 10:29:47,0.0
-13536,-48,-1400,576,155,22,2024-01-24 10:29:47,0.0
-13612,-16,-1508,548,152,37,2024-01-24 10:29:47,0.0
-13592,-44,-1612,487,166,10,2024-01-24 10:29:47,0.0
-13528,-96,-1424,441,180,-15,2024-01-24 10:29:47,0.0
-13568,-172,-1404,426,194,-54,2024-01-24 10:29:47,0.0
-13648,-192,-1324,415,197,-42,2024-01-24 10:29:47,0.0
-13616,8,-1360,384,129,-56,2024-01-24 10:29:47,0.0
-13560,-112,-1536,380,117,-62,2024-01-24 10:29:47,0.0
-13464,-80,-1500,383,128,-53,2024-01-24 10:29:47,0.0
-13508,-160,-1440,343,141,-71,2024-01-24 10:29:47,0.0
-13416,-92,-1460,316,204,-73,2024-01-24 10:29:47,0.0
-13496,-28,-1452,298,220,-76,2024-01-24 10:29:47,0.0
-13468,-152,-1632,265,244,-59,2024-01-24 10:29:47,0.0
-13592,-84,-1488,220,238,-71,2024-01-24 10:29:47,0.0
-13624,-256,-1424,242,187,-97,2024-01-24 10:29:47,0.0
-13612,-180,-1432,209,178,-156,2024-01-24 10:29:47,0.0
-13584,-160,-1520,221,167,-176,2024-01-24 10:29:47,0.0
-13540,-132,-1580,156,159,-178,2024-01-24 10:29:47,0.0
-13524,-152,-1380,95,161,-183,2024-01-24 10:29:47,0.0
-13504,-176,-1432,61,172,-132,2024-01-24 10:29:47,0.0
-13632,-212,-1440,38,194,-151,2024-01-24 10:29:47,0.0
-13460,-192,-1388,24,219,-145,2024-01-24 10:29:47,0.0
-13428,-104,-1372,-8,312,-118,2024-01-24 10:29:47,0.0
-13480,-164,-1324,4,390,-107,2024-01-24 10:29:47,0.0
-13456,-308,-1312,-4,411,-113,2024-01-24 10:29:47,0.0
-13448,-380,-1384,27,427,-90,2024-01-24 10:29:47,0.0
-13572,-316,-1532,75,418,-81,2024-01-24 10:29:47,0.0
-13564,-324,-1524,94,370,-42,2024-01-24 10:29:48,0.0
-13664,-340,-1588,81,330,-51,2024-01-24 10:29:48,0.0
-13628,-172,-1312,147,273,-27,2024-01-24 10:29:48,0.0
-13680,-220,-1176,239,294,-21,2024-01-24 10:29:48,0.0
-13492,-260,-1248,315,281,-63,2024-01-24 10:29:48,0.0
-13604,-284,-1392,357,210,-77,2024-01-24 10:29:48,0.0
-13496,-280,-1628,314,259,-98,2024-01-24 10:29:48,0.0
-13696,-228,-1496,293,359,1,2024-01-24 10:29:48,0.0
-13592,-28,-1600,156,299,57,2024-01-24 10:29:48,0.0
-13500,-80,-1568,69,194,52,2024-01-24 10:29:48,0.0
-13456,-116,-1452,4,120,-26,2024-01-24 10:29:48,0.0
-13472,-136,-1676,40,168,-27,2024-01-24 10:29:48,0.0
-13500,-232,-1552,68,246,-68,2024-01-24 10:29:48,0.0
-13548,-232,-1632,105,233,-83,2024-01-24 10:29:48,0.0
-13536,-288,-1680,135,213,-197,2024-01-24 10:29:48,0.0
-13580,-316,-1580,149,68,-249,2024-01-24 10:29:48,0.0
-13484,-308,-1596,207,-56,-304,2024-01-24 10:29:48,0.0
-13588,-288,-1604,230,-89,-330,2024-01-24 10:29:48,0.0
-13640,-152,-1696,267,-201,-325,2024-01-24 10:29:48,0.0
-13532,-260,-1456,328,-324,-350,2024-01-24 10:29:48,0.0
-13528,-356,-1380,465,-394,-383,2024-01-24 10:29:48,0.0
-13616,-480,-1428,599,-481,-404,2024-01-24 10:29:48,0.0
-13580,-516,-1508,826,-406,-344,2024-01-24 10:29:48,0.0
-13448,-704,-1260,1129,-284,-296,2024-01-24 10:29:48,0.0
-13200,-956,-1116,1662,-111,-403,2024-01-24 10:29:48,0.0
-13156,-1080,-688,2364,360,-559,2024-01-24 10:29:48,0.0
-13136,-1152,-600,2833,653,-650,2024-01-24 10:29:48,0.0
-13416,-1352,-720,3352,896,-727,2024-01-24 10:29:48,0.0
-13524,-1360,-644,3836,1034,-685,2024-01-24 10:29:48,0.0
-13804,-996,-968,4182,1078,-523,2024-01-24 10:29:48,0.0
-13804,-600,-1204,4374,1037,-313,2024-01-24 10:29:48,0.0
-13704,-284,-1292,4459,905,-186,2024-01-24 10:29:48,0.0
-13832,-56,-1292,4495,822,-75,2024-01-24 10:29:48,0.0
-13792,-132,-1716,4427,678,-5,2024-01-24 10:29:48,0.0
-13800,-324,-1528,4307,429,-25,2024-01-24 10:29:48,0.0
-13584,-304,-1272,4260,291,66,2024-01-24 10:29:48,0.0
-13836,-200,-1760,4130,483,158,2024-01-24 10:29:48,0.0
-14100,-144,-1764,3771,465,307,2024-01-24 10:29:48,0.0
-13860,-164,-1896,3422,252,432,2024-01-24 10:29:48,0.0
-13572,-160,-1840,3014,172,441,2024-01-24 10:29:48,0.0
-13560,-88,-1896,2530,160,374,2024-01-24 10:29:48,0.0
-13400,-72,-2200,2137,125,343,2024-01-24 10:29:48,0.0
-13224,-120,-2216,1667,-19,161,2024-01-24 10:29:48,0.0
-13236,-196,-2372,1207,-92,-32,2024-01-24 10:29:48,0.0
-13416,-112,-2156,590,-110,-122,2024-01-24 10:29:48,0.0
-13608,-80,-2272,2,-132,-100,2024-01-24 10:29:48,0.0
-13500,24,-2276,-527,-96,3,2024-01-24 10:29:48,0.0
-13392,-40,-2196,-965,-126,47,2024-01-24 10:29:48,0.0
-13224,-64,-2032,-1297,-91,-26,2024-01-24 10:29:48,0.0
-13252,-304,-2112,-1578,153,-151,2024-01-24 10:29:48,0.0
-13220,-692,-1920,-1834,124,-311,2024-01-24 10:29:48,0.0
-13252,-632,-1724,-1998,136,-345,2024-01-24 10:29:48,
-13180,-820,-1560,-2207,313,-426,2024-01-24 10:29:48,0.0
-13444,-684,-1724,-2276,503,-367,2024-01-24 10:29:48,0.0
-13488,-668,-1672,-2392,542,-349,2024-01-24 10:29:48,0.0
-13672,-728,-1512,-2438,442,-315,2024-01-24 10:29:48,0.0
-13784,-888,-1308,-2411,270,-282,2024-01-24 10:29:48,0.0
-13740,-784,-1584,-2376,233,-234,2024-01-24 10:29:48,0.0
-13680,-956,-1668,-2346,173,-239,2024-01-24 10:29:48,0.0
-13740,-964,-1568,-2246,89,-197,2024-01-24 10:29:49,0.0
-13764,-1036,-1512,-2130,-97,-238,2024-01-24 10:29:49,0.0
-13652,-1068,-1492,-1881,-39,-196,2024-01-24 10:29:49,0.0
-13748,-1072,-1800,-1582,19,-69,2024-01-24 10:29:49,0.0
-13576,-1080,-1540,-1404,-83,77,2024-01-24 10:29:49,0.0
-13576,-1196,-1576,-1203,-46,106,2024-01-24 10:29:49,0.0
-13564,-1432,-1280,-1027,-70,1,2024-01-24 10:29:49,0.0
-13724,-1708,-1244,-566,-68,-92,2024-01-24 10:29:49,0.0
-13660,-1472,-1636,-195,4,39,2024-01-24 10:29:49,0.0
-13452,-1368,-1476,295,105,137,2024-01-24 10:29:49,0.0
-13352,-1168,-1508,761,212,208,2024-01-24 10:29:49,0.0
-13280,-1176,-1416,1178,352,187,2024-01-24 10:29:49,0.0
-13568,-1584,-1560,1464,371,104,2024-01-24 10:29:49,0.0
-13628,-1308,-1320,1801,294,161,2024-01-24 10:29:49,0.0
-13380,-1156,-1644,2203,310,92,2024-01-24 10:29:49,0.0
-13288,-988,-1796,2582,505,74,2024-01-24 10:29:49,0.0
-13320,-648,-1704,2709,573,112,2024-01-24 10:29:49,0.0
-13212,-656,-1324,2814,465,138,2024-01-24 10:29:49,0.0
-13244,-344,-1444,2905,384,129,2024-01-24 10:29:49,0.0
-13384,52,-1016,3058,184,109,2024-01-24 10:29:49,0.0
-13524,76,20,3312,-125,-13,2024-01-24 10:29:49,0.0
-13648,304,-336,3724,-89,-232,2024-01-24 10:29:49,0.0
-13596,192,-404,4135,125,-357,2024-01-24 10:29:49,0.0
-13444,-60,-232,4526,394,-281,2024-01-24 10:29:49,0.0
-14092,212,-196,4794,953,-67,2024-01-24 10:29:49,0.0
-15152,460,-316,4961,1227,305,2024-01-24 10:29:49,0.0
-15884,212,-1016,5299,543,841,2024-01-24 10:29:49,0.0
-15440,-88,-712,5566,-419,1090,2024-01-24 10:29:49,0.0
-14156,-328,-840,6109,-909,1108,2024-01-24 10:29:49,0.0
-12904,-564,-1040,6688,-743,868,2024-01-24 10:29:49,0.0
-12108,-872,-1044,7160,-449,714,2024-01-24 10:29:49,0.0
-12364,288,-1064,7539,-514,1060,2024-01-24 10:29:49,0.0
-11868,-1336,-472,8163,204,300,2024-01-24 10:29:49,0.0
-12928,-1112,-1020,8863,375,-86,2024-01-24 10:29:49,0.0
-13320,-2020,-1516,9436,295,-597,2024-01-24 10:29:49,0.0
-14088,-2488,-1812,10058,-768,-906,2024-01-24 10:29:49,0.0
-13220,-1216,-1900,10086,-1344,-552,2024-01-24 10:29:49,0.0
-12560,-796,-1672,10191,-453,-529,2024-01-24 10:29:49,0.0
-13120,-240,-2196,10186,539,-526,2024-01-24 10:29:49,0.0
-13472,-104,-2812,10005,560,-393,2024-01-24 10:29:49,0.0
-13560,268,-3168,9676,176,418,2024-01-24 10:29:49,0.0
-13588,132,-3356,9078,327,1359,2024-01-24 10:29:49,0.0
-13092,-888,-2984,8698,1146,2118,2024-01-24 10:29:49,0.0
-13264,-2068,-2280,8691,1306,2738,2024-01-24 10:29:49,0.0
-12880,-3344,-1252,9996,1317,1492,2024-01-24 10:29:49,0.0
-12532,-3756,-2100,10635,1520,1708,2024-01-24 10:29:49,0.0
-12060,-2976,-1768,11132,2272,1114,2024-01-24 10:29:49,0.0
-13168,-2032,-3460,11991,1917,-122,2024-01-24 10:29:49,0.0
-13800,-1488,-3380,11982,2029,522,2024-01-24 10:29:49,0.0
-12276,-1144,-3344,12834,3514,-575,2024-01-24 10:29:49,0.0
-13616,-2084,-2560,13121,3446,44,2024-01-24 10:29:49,0.0
-13376,-2980,-3172,13049,3705,830,2024-01-24 10:29:49,0.0
-12816,-2764,-1760,13668,4386,1562,2024-01-24 10:29:49,0.0
-13576,-2516,-2136,14108,4128,359,2024-01-24 10:29:49,0.0
-13640,-2644,-2688,14195,3787,1020,2024-01-24 10:29:49,0.0
-13260,-2212,-2808,13944,3923,859,2024-01-24 10:29:49,0.0
-13712,-600,-2764,13384,4060,1130,2024-01-24 10:29:49,0.0
-13860,-224,-1996,13059,4262,1493,2024-01-24 10:29:49,0.0
-13620,-1332,-1812,12722,4365,1871,2024-01-24 10:29:49,0.0
-14012,-2088,-1820,12104,3993,2068,2024-01-24 10:29:49,0.0
-14292,-2688,-1512,11672,3675,2077,2024-01-24 10:29:50,0.0
-14368,-2516,-1472,11406,2956,2188,2024-01-24 10:29:50,0.0
-14340,-2692,-1384,11148,2731,2188,2024-01-24 10:29:50,0.0
-14736,-2404,-1368,10857,2076,2201,2024-01-24 10:29:50,0.0
-14540,-2008,-1292,10171,1482,2154,2024-01-24 10:29:50,0.0
-14292,-2040,-980,9463,774,2159,2024-01-24 10:29:50,0.0
-13808,-2484,-1048,8979,384,1945,2024-01-24 10:29:50,0.0
-13524,-2892,-1452,8435,-144,1842,2024-01-24 10:29:50,0.0
-13444,-3016,-1380,7971,-406,1844,2024-01-24 10:29:50,0.0
-13192,-3140,-1488,7413,-474,1935,2024-01-24 10:29:50,0.0
-12888,-3560,-1660,6863,-541,1970,2024-01-24 10:29:50,0.0
-12708,-3976,-1456,6261,-418,2030,2024-01-24 10:29:50,0.0
-12480,-4568,-1572,5882,-107,2080,2024-01-24 10:29:50,0.0
-12836,-4796,-1384,5617,205,2154,2024-01-24 10:29:50,0.0
-13032,-5040,-956,5546,147,2209,2024-01-24 10:29:50,0.0
-13400,-5568,-904,5557,24,2248,2024-01-24 10:29:50,0.0
-13496,-5360,-792,5665,-17,2407,2024-01-24 10:29:50,0.0
-13376,-5588,-656,5892,-177,2435,2024-01-24 10:29:50,0.0
-13116,-5516,-1284,6078,103,2319,2024-01-24 10:29:50,0.0
-13760,-4596,-1848,6181,534,2058,2024-01-24 10:29:50,0.0
-14488,-3704,-1580,6152,-292,1678,2024-01-24 10:29:50,0.0
-13916,-3856,-836,6320,-1167,1261,2024-01-24 10:29:50,0.0
-12972,-3872,-1568,6504,-886,776,2024-01-24 10:29:50,0.0
-12964,-3412,-1936,6443,-994,364,2024-01-24 10:29:50,0.0
-12644,-3420,-1924,6050,-1451,-194,2024-01-24 10:29:50,0.0
-12936,-3280,-2168,5460,-1718,-565,2024-01-24 10:29:50,0.0
-12728,-2348,-2808,5043,-1726,-738,2024-01-24 10:29:50,0.0
-12816,-1352,-2720,4608,-1805,-586,2024-01-24 10:29:50,0.0
-11996,-568,-2736,4193,-1650,-288,2024-01-24 10:29:50,0.0
-11864,-624,-3060,4112,-258,-120,2024-01-24 10:29:50,0.0
-12448,-988,-3288,4099,695,163,2024-01-24 10:29:50,0.0
-13484,-1180,-3020,3874,918,326,2024-01-24 10:29:50,0.0
-15180,-1532,-2108,4201,584,741,2024-01-24 10:29:50,
-16152,-1504,-2132,4677,222,1423,2024-01-24 10:29:50,0.0
-16264,-1528,-2048,5018,-342,2114,2024-01-24 10:29:50,0.0
-15864,-1212,-2124,5330,-748,2797,2024-01-24 10:29:50,0.0
-15096,-540,-2020,5348,-958,3449,2024-01-24 10:29:50,0.0
-14512,196,-2108,5328,-1083,3957,2024-01-24 10:29:50,0.0
-13524,1156,-2664,5240,-956,4251,2024-01-24 10:29:50,0.0
-12852,1400,-2224,5152,-1198,4196,2024-01-24 10:29:50,0.0
-12212,1096,-1536,5007,-1151,3893,2024-01-24 10:29:50,0.0
-12200,640,-1400,4839,-596,3478,2024-01-24 10:29:50,0.0
-12484,0,-836,4711,273,2981,2024-01-24 10:29:50,0.0
-12896,-356,-364,4636,310,2580,2024-01-24 10:29:50,0.0
-13196,-884,48,4808,70,2308,2024-01-24 10:29:50,0.0
-13036,-988,-92,4901,-40,2045,2024-01-24 10:29:50,0.0
-13024,-608,-284,4950,258,1794,2024-01-24 10:29:50,0.0
-12796,-388,-264,4780,584,1720,2024-01-24 10:29:50,0.0
-12988,-548,-784,4587,951,1617,2024-01-24 10:29:50,0.0
-13196,-416,-880,4207,1221,1608,2024-01-24 10:29:50,0.0
-13192,-232,-1108,3802,1490,1618,2024-01-24 10:29:50,0.0
-13628,-404,-556,3535,1426,1561,2024-01-24 10:29:50,0.0
-13904,-572,-188,3248,1098,1559,2024-01-24 10:29:50,0.0
-13780,-668,76,3126,388,1364,2024-01-24 10:29:50,0.0
-13572,-532,212,2970,0,1319,2024-01-24 10:29:50,0.0
-12956,-364,400,2700,-81,1231,2024-01-24 10:29:50,0.0
-12940,52,544,2502,-230,1086,2024-01-24 10:29:50,0.0
-13048,496,372,2289,-13,1034,2024-01-24 10:29:50,0.0
-13048,92,320,2187,-71,964,2024-01-24 10:29:50,0.0
-13204,-368,512,2395,-221,897,2024-01-24 10:29:51,0.0
-12980,-1068,864,2662,-260,766,2024-01-24 10:29:51,0.0
-12996,-1492,1176,2998,-84,619,2024-01-24 10:29:51,0.0
-13264,-1460,1440,3316,143,457,2024-01-24 10:29:51,0.0
-13760,-1508,872,3496,-206,324,2024-01-24 10:29:51,0.0
-14028,-1412,592,3535,-1065,293,2024-01-24 10:29:51,0.0
-13556,-1408,368,3443,-1610,429,2024-01-24 10:29:51,0.0
-13072,-1132,1652,3714,-1754,513,2024-01-24 10:29:51,0.0
-12444,-752,1976,4200,-1311,479,2024-01-24 10:29:51,0.0
-12460,-452,1380,4576,-331,366,2024-01-24 10:29:51,0.0
-13216,64,1224,4578,-216,317,2024-01-24 10:29:51,0.0
-13452,112,1720,4646,-449,102,2024-01-24 10:29:51,0.0
-13556,32,1988,4907,-121,-184,2024-01-24 10:29:51,0.0
-13156,-284,2008,5148,744,-282,2024-01-24 10:29:51,0.0
-13852,-192,2060,5217,1869,-287,2024-01-24 10:29:51,0.0
-14684,-228,2320,5407,2592,-167,2024-01-24 10:29:51,0.0
-15332,140,2420,5412,2812,130,2024-01-24 10:29:51,0.0
-16140,764,1204,4997,3456,477,2024-01-24 10:29:51,0.0
-17268,2060,248,4109,3137,977,2024-01-24 10:29:51,0.0
-17540,2692,-296,3046,2825,1324,2024-01-24 10:29:51,0.0
-18236,1896,-408,1969,1972,1298,2024-01-24 10:29:51,0.0
-18980,836,488,1143,385,1272,2024-01-24 10:29:51,0.0
-19576,1444,-728,542,-278,1892,2024-01-24 10:29:51,0.0
-18156,1856,-2608,-480,-830,2334,2024-01-24 10:29:51,0.0
-13904,784,-1756,-1214,-1158,1109,2024-01-24 10:29:51,0.0
-12256,1028,-456,-581,-879,239,2024-01-24 10:29:51,0.0
-11596,1068,-2076,209,138,-283,2024-01-24 10:29:51,0.0
-11764,352,-3700,183,1728,-806,2024-01-24 10:29:51,0.0
-12548,-804,-4020,73,2175,-1001,2024-01-24 10:29:51,0.0
-12588,-1360,-3864,-142,1924,-719,2024-01-24 10:29:51,0.0
-11864,-904,-4448,-674,2838,-277,2024-01-24 10:29:51,0.0
-12504,-240,-4512,-1779,3021,-282,2024-01-24 10:29:51,0.0
-14004,-384,-3940,-2277,1523,-519,2024-01-24 10:29:51,0.0
-14400,36,-2976,-2499,-284,-972,2024-01-24 10:29:51,0.0
-13592,-172,-2308,-2608,-1541,-1783,2024-01-24 10:29:51,0.0
-13248,-236,-2432,-2979,-1379,-2737,2024-01-24 10:29:51,0.0
-14068,-324,-2884,-3425,-819,-3436,2024-01-24 10:29:51,0.0
-14448,-184,-2128,-3634,-848,-3725,2024-01-24 10:29:51,0.0
-13820,-764,-1896,-3450,-1374,-3680,2024-01-24 10:29:51,0.0
-12816,-1840,-1796,-3266,-1990,-3720,2024-01-24 10:29:51,0.0
-11284,-2764,-1524,-3150,-2190,-3594,2024-01-24 10:29:51,0.0
-10596,-3164,-1296,-2867,-1556,-3454,2024-01-24 10:29:51,0.0
-10500,-2300,-1236,-2770,-833,-3124,2024-01-24 10:29:51,0.0
-10300,-1308,-1104,-3119,-378,-2874,2024-01-24 10:29:51,0.0
-9940,-1132,-664,-3369,495,-2343,2024-01-24 10:29:51,0.0
-10116,-1068,-148,-3448,1519,-2173,2024-01-24 10:29:51,0.0
-10880,-1576,-244,-3338,2234,-1600,2024-01-24 10:29:51,0.0
-11024,-2260,84,-3029,2732,-1075,2024-01-24 10:29:51,0.0
-11204,-3492,300,-2626,2840,-1095,2024-01-24 10:29:51,0.0
-12320,-4100,336,-2111,2797,-601,2024-01-24 10:29:51,0.0
-12812,-4536,872,-1791,2567,-172,2024-01-24 10:29:51,0.0
-13820,-4048,1464,-1491,1951,140,2024-01-24 10:29:51,0.0
-14812,-3292,1504,-1191,750,558,2024-01-24 10:29:51,0.0
-15108,-2836,1428,-905,-205,988,2024-01-24 10:29:51,0.0
-15376,-2048,1172,-848,-474,1420,2024-01-24 10:29:51,0.0
-14996,-1716,1116,-879,-1125,1381,2024-01-24 10:29:51,0.0
-13776,-2464,1036,-722,-1955,593,2024-01-24 10:29:51,0.0
-12548,-2900,1480,-694,-2355,-381,2024-01-24 10:29:51,0.0
-12340,-2576,2856,-446,-1932,-1071,2024-01-24 10:29:51,0.0
-12744,-1888,3952,-415,-593,-1774,2024-01-24 10:29:52,0.0
-13848,-2132,3940,-615,549,-2227,2024-01-24 10:29:52,0.0
-14532,-3424,4500,-213,1222,-1609,2024-01-24 10:29:52,0.0
-12020,-7824,-764,299,4783,-616,2024-01-24 10:29:52,0.0
-17388,-10396,-912,866,7834,-1114,2024-01-24 10:29:52,0.0
-21848,-5844,3028,4212,1939,-1918,2024-01-24 10:29:52,0.0
-18156,-5304,-1480,4970,2169,-4506,2024-01-24 10:29:52,0.0
-20124,-3896,-1380,6470,1903,-5879,2024-01-24 10:29:52,0.0
-21096,-3880,-1880,9473,-1299,-6100,2024-01-24 10:29:52,0.0
-18068,-4444,-5508,9287,-4410,-3353,2024-01-24 10:29:53,0.0
-10280,-2912,-6172,7077,-6006,-965,2024-01-24 10:29:53,0.0
-7972,-3992,-6784,5588,-4984,-7,2024-01-24 10:29:53,0.0
-9128,-2776,-6100,4365,-2444,777,2024-01-24 10:29:53,0.0
-11536,-1728,-4136,3516,-421,426,2024-01-24 10:29:53,0.0
-18372,1288,-1516,4179,-691,-384,2024-01-24 10:29:53,
-20160,1712,-3728,4684,-1094,303,2024-01-24 10:29:53,0.0
-19688,1336,-5212,3695,-755,1137,2024-01-24 10:29:53,0.0
-18508,1360,-3920,2454,-1381,2048,2024-01-24 10:29:53,0.0
-12132,820,1748,-288,-215,-2248,2024-01-24 10:29:53,0.0
-13184,1064,2332,-574,-1617,-2374,2024-01-24 10:29:53,0.0
-13812,864,2844,-681,-3170,-2318,2024-01-24 10:29:53,0.0
-13968,716,1784,-580,-4150,-2046,2024-01-24 10:29:53,0.0
-13120,444,736,-631,-2998,-1661,2024-01-24 10:29:53,0.0
-12636,-592,320,-899,-413,-1419,2024-01-24 10:29:53,0.0
-14096,-1980,2432,-691,1451,-1257,2024-01-24 10:29:53,0.0
-16292,-3672,4660,200,2530,-1367,2024-01-24 10:29:53,0.0
-18020,-4140,4676,1536,2964,-1086,2024-01-24 10:29:53,0.0
-18032,-2716,5056,2614,2808,-550,2024-01-24 10:29:53,0.0
-17332,-592,4620,3077,1862,-258,2024-01-24 10:29:53,0.0
-17176,4780,-1576,2423,5931,838,2024-01-24 10:29:53,0.0
-22664,3248,-2496,677,4070,3064,2024-01-24 10:29:53,0.0
-24844,3188,-2256,-537,-1970,3941,2024-01-24 10:29:53,0.0
-20580,4220,-7064,-2102,-997,5139,2024-01-24 10:29:53,0.0
-19776,5164,-7196,-4290,-1193,5598,2024-01-24 10:29:53,0.0
-16392,3500,-6928,-5856,-2383,6296,2024-01-24 10:29:54,0.0
-10652,-1152,-2856,-5759,-3916,5345,2024-01-24 10:29:54,0.0
-6024,-4716,888,-3019,-3031,2547,2024-01-24 10:29:54,0.0
-5604,-5024,-644,-702,447,49,2024-01-24 10:29:54,0.0
-9800,-4892,-3200,225,3865,-1198,2024-01-24 10:29:54,0.0
-16696,-4620,-4408,610,4778,-1442,2024-01-24 10:29:54,0.0
-18412,88,-8568,-624,2032,-929,2024-01-24 10:29:54,0.0
-19784,2528,-5508,-3360,-536,-957,2024-01-24 10:29:54,0.0
-15420,2556,-5252,-5373,-2510,-1530,2024-01-24 10:29:54,0.0
-13020,2328,-3824,-6783,-2965,-2234,2024-01-24 10:29:54,0.0
-9668,2564,-5016,-8553,-1204,-3746,2024-01-24 10:29:54,0.0
-8460,1288,-4520,-9896,469,-4860,2024-01-24 10:29:54,0.0
-8920,-324,-4160,-10841,1315,-5511,2024-01-24 10:29:54,0.0
-10704,-1196,-3168,-11693,1656,-5302,2024-01-24 10:29:54,0.0
-10980,-1456,-4720,-12652,1351,-4596,2024-01-24 10:29:54,0.0
-11392,-1920,-2296,-13175,819,-3984,2024-01-24 10:29:54,0.0
-10592,-1572,-1988,-13581,-266,-3539,2024-01-24 10:29:54,0.0
-9484,-1264,-1956,-14065,-240,-3122,2024-01-24 10:29:54,0.0
-8944,-1228,-1936,-14524,977,-2344,2024-01-24 10:29:54,0.0
-9396,-1008,-1708,-15036,2373,-1409,2024-01-24 10:29:54,0.0
-10716,-1724,-1296,-15336,3263,-437,2024-01-24 10:29:54,0.0
-11988,-2212,-848,-15467,3087,599,2024-01-24 10:29:54,0.0
-13424,-2600,1352,-15416,1648,1140,2024-01-24 10:29:54,0.0
-15084,-3320,3488,-14996,-262,1212,2024-01-24 10:29:54,0.0
-15152,-2892,1716,-14808,-994,1456,2024-01-24 10:29:54,0.0
-14072,-2028,-244,-14733,-431,1306,2024-01-24 10:29:54,0.0
-13832,-1480,692,-14965,-1388,508,2024-01-24 10:29:54,0.0
-12468,-3064,-152,-14557,-942,-575,2024-01-24 10:29:54,0.0
-11964,-4656,-1112,-14301,-103,-2341,2024-01-24 10:29:54,0.0
-13340,-5100,308,-13608,284,-3835,2024-01-24 10:29:54,0.0
-13940,-4396,160,-12535,781,-4148,2024-01-24 10:29:54,0.0
-12784,-3392,-1772,-12372,1693,-3638,2024-01-24 10:29:54,0.0
-12468,-2276,-3588,-12731,5242,-3480,2024-01-24 10:29:54,0.0
-15936,-1384,-3092,-12740,6396,-4069,2024-01-24 10:29:54,0.0
-17892,-1996,-4292,-12387,4753,-5520,2024-01-24 10:29:54,0.0
-17908,-2708,-4628,-12167,2443,-6506,2024-01-24 10:29:54,0.0
-17336,-1496,-4292,-12428,-737,-7412,2024-01-24 10:29:54,0.0
-14896,-1572,-5540,-12280,413,-7539,2024-01-24 10:29:54,0.0
-14852,260,-6420,-13238,222,-7223,2024-01-24 10:29:54,0.0
-15060,1808,-5264,-14200,196,-5743,2024-01-24 10:29:54,0.0
-15356,4656,-4008,-15128,441,-3829,2024-01-24 10:29:54,0.0
-15636,6304,-3912,-16111,213,-2778,2024-01-24 10:29:54,0.0
-14976,5168,-3404,-16159,-242,-2748,2024-01-24 10:29:54,0.0
-15288,3788,-2412,-15698,-1016,-2989,2024-01-24 10:29:54,0.0
-15332,1632,-2912,-15577,-1415,-2830,2024-01-24 10:29:54,0.0
-15348,-20,-2128,-15557,-2218,-2120,2024-01-24 10:29:54,0.0
-13076,-444,-2320,-15645,-2924,-1459,2024-01-24 10:29:54,0.0
-11536,280,-2012,-15751,-2778,-1207,2024-01-24 10:29:54,0.0
-10756,1440,-1996,-15696,-2308,-1238,2024-01-24 10:29:54,0.0
-10308,2168,-1912,-15710,-1688,-1775,2024-01-24 10:29:54,0.0
-10012,2708,-2288,-15760,-1255,-2242,2024-01-24 10:29:54,0.0
-10092,2340,-1928,-15906,-1064,-2731,2024-01-24 10:29:54,0.0
-10440,1708,-1516,-15792,-1013,-3001,2024-01-24 10:29:54,0.0
-11572,1224,-888,-15450,-900,-3191,2024-01-24 10:29:54,0.0
-12868,760,-388,-14813,-1271,-3361,2024-01-24 10:29:54,0.0
-13408,452,28,-14459,-2239,-3433,2024-01-24 10:29:54,0.0
-13076,-12,680,-14131,-3241,-3515,2024-01-24 10:29:54,0.0
-13044,-152,828,-13765,-3811,-3617,2024-01-24 10:29:54,0.0
-13296,-200,24,-13420,-3792,-3675,2024-01-24 10:29:54,0.0
-13632,-332,32,-13084,-3800,-3844,2024-01-24 10:29:55,0.0
-14296,-1024,-80,-12683,-4009,-4145,2024-01-24 10:29:55,0.0
-14932,-1488,-164,-12284,-4046,-4414,2024-01-24 10:29:55,0.0
-15872,-2232,888,-11457,-4000,-4626,2024-01-24 10:29:55,0.0
-16840,-3388,1996,-10315,-4431,-4231,2024-01-24 10:29:55,0.0
-16628,-3440,1524,-8975,-4153,-2868,2024-01-24 10:29:55,0.0
-14592,-2576,-280,-8392,-2330,-1383,2024-01-24 10:29:55,0.0
-14248,-1352,344,-7509,-734,589,2024-01-24 10:29:55,0.0
-14652,-48,-908,-7153,-923,1082,2024-01-24 10:29:55,0.0
-14636,1716,-1560,-7043,-2370,1005,2024-01-24 10:29:55,0.0
-12840,3328,-1216,-7262,-3688,661,2024-01-24 10:29:55,0.0
-10996,2964,-1124,-7280,-3823,-113,2024-01-24 10:29:55,0.0
-10160,1568,-2740,-7488,-2323,-259,2024-01-24 10:29:55,0.0
-10944,-300,-4520,-8459,683,233,2024-01-24 10:29:55,0.0
-11432,-1280,-4436,-9888,2655,769,2024-01-24 10:29:55,0.0
-12620,-2000,-3648,-10745,3751,845,2024-01-24 10:29:55,0.0
-14216,-1936,-2320,-10696,4070,495,2024-01-24 10:29:55,0.0
-15656,-1264,-1724,-10463,3029,47,2024-01-24 10:29:55,0.0
-16708,-748,-1444,-10599,2169,-422,2024-01-24 10:29:55,0.0
-16788,-436,-920,-10879,1537,-817,2024-01-24 10:29:55,0.0
-16052,-400,-676,-10974,948,-1401,2024-01-24 10:29:55,0.0
-14968,-440,-1020,-10941,796,-2150,2024-01-24 10:29:55,
